subID,partnerID,dyad,connection_3_before,connection_2_before,connection_1_before,connection_long_gap,connection_1_after,connection_2_after,connection_3_after,gap_length,speaker,speaker_switch,change_in_connection_3_before,change_in_connection_2_before,change_in_connection_1_before,change_in_connection_1_after,change_in_connection_2_after,change_in_connection_3_after
103.0,101.0,103_101,63.0,63.0,63.0,63.0,63.0,63.95,65.0,2388.0,self,yes,0.0,0.0,0.0,0.0,0.9500000000000028,2.0
101.0,103.0,103_101,71.0,71.0,71.0,71.0,70.7,46.05,43.0,2388.0,other,yes,0.0,0.0,0.0,-0.29999999999999716,-24.950000000000003,-28.0
103.0,101.0,103_101,74.35,79.0,79.0,79.0,79.0,79.0,79.0,2183.0,self,yes,-4.650000000000006,0.0,0.0,0.0,0.0,0.0
101.0,103.0,103_101,76.0,76.0,76.0,76.0,75.35,75.0,75.0,2183.0,other,yes,0.0,0.0,0.0,-0.6500000000000057,-1.0,-1.0
103.0,101.0,103_101,82.0,82.0,82.0,82.15384615384616,80.0,80.0,80.0,2612.0,self,yes,-0.1538461538461604,-0.1538461538461604,-0.1538461538461604,-2.1538461538461604,-2.1538461538461604,-2.1538461538461604
101.0,103.0,103_101,77.85,76.0,76.0,68.42307692307692,51.9,42.0,42.0,2612.0,other,yes,9.426923076923075,7.57692307692308,7.57692307692308,-16.52307692307692,-26.42307692307692,-26.42307692307692
103.0,101.0,103_101,68.0,68.0,68.0,73.14814814814815,79.6,81.35,80.7,2747.0,other,yes,-5.148148148148152,-5.148148148148152,-5.148148148148152,6.451851851851842,8.201851851851842,7.5518518518518505
101.0,103.0,103_101,49.95,51.0,51.0,51.0,51.85,70.1,75.0,2747.0,self,yes,-1.0499999999999972,0.0,0.0,0.8500000000000014,19.099999999999994,24.0
110.0,102.0,102_110,16.0,16.0,16.0,16.0,16.0,16.0,16.0,2693.0,self,yes,0.0,0.0,0.0,0.0,0.0,0.0
102.0,110.0,102_110,9.0,9.0,10.6,11.74074074074074,12.0,12.0,21.45,2693.0,other,yes,-2.7407407407407405,-2.7407407407407405,-1.1407407407407408,0.2592592592592595,0.2592592592592595,9.709259259259259
110.0,102.0,102_110,16.0,16.0,16.0,16.0,16.0,16.0,16.0,2205.0,other,yes,0.0,0.0,0.0,0.0,0.0,0.0
102.0,110.0,102_110,38.0,37.4,35.0,35.63636363636363,36.0,36.0,37.9,2205.0,self,yes,2.363636363636367,1.7636363636363654,-0.6363636363636331,0.36363636363636687,0.36363636363636687,2.2636363636363654
88.0,85.0,88_85,75.65,75.5,75.0,75.0,75.0,75.0,75.0,2217.0,other,yes,0.6500000000000057,0.5,0.0,0.0,0.0,0.0
85.0,88.0,88_85,47.0,47.0,47.0,47.0,47.0,47.0,44.9,2217.0,self,yes,0.0,0.0,0.0,0.0,0.0,-2.1000000000000014
88.0,85.0,88_85,68.0,68.0,68.0,68.0,68.0,68.0,68.0,5539.0,other,yes,0.0,0.0,0.0,0.0,0.0,0.0
85.0,88.0,88_85,63.0,63.0,61.95,47.4,28.45,31.7,32.4,5539.0,self,yes,15.600000000000001,15.600000000000001,14.550000000000004,-18.95,-15.7,-15.0
88.0,85.0,88_85,68.0,68.0,68.0,68.0,68.0,68.0,68.0,2153.0,self,no,0.0,0.0,0.0,0.0,0.0,0.0
85.0,88.0,88_85,74.35,75.0,75.0,75.0,75.0,75.0,75.0,2153.0,other,no,-0.6500000000000057,0.0,0.0,0.0,0.0,0.0
88.0,81.0,81_88,57.0,57.85,58.0,58.0,58.0,58.7,60.0,2796.0,self,yes,-1.0,-0.14999999999999858,0.0,0.0,0.7000000000000028,2.0
81.0,88.0,81_88,0.0,0.0,0.0,0.0,0.0,0.0,0.0,2796.0,other,yes,0.0,0.0,0.0,0.0,0.0,0.0
6.0,7.0,6_7,0.0,0.0,0.0,0.0,0.0,0.0,0.0,2130.0,self,yes,0.0,0.0,0.0,0.0,0.0,0.0
7.0,6.0,6_7,20.0,20.0,20.0,20.0,20.0,20.0,20.0,2130.0,other,yes,0.0,0.0,0.0,0.0,0.0,0.0
6.0,7.0,6_7,16.0,16.0,16.0,16.0,16.0,16.0,16.0,2972.0,self,yes,0.0,0.0,0.0,0.0,0.0,0.0
7.0,6.0,6_7,22.0,22.0,22.0,22.0,22.0,22.0,22.0,2972.0,other,yes,0.0,0.0,0.0,0.0,0.0,0.0
6.0,7.0,6_7,16.0,16.0,16.0,16.0,16.0,16.0,16.0,2365.0,other,yes,0.0,0.0,0.0,0.0,0.0,0.0
7.0,6.0,6_7,22.0,22.0,22.0,22.0,22.0,25.75,31.0,2365.0,self,yes,0.0,0.0,0.0,0.0,3.75,9.0
6.0,7.0,6_7,17.15,25.0,25.0,25.0,25.0,25.0,25.0,2399.0,self,yes,-7.850000000000001,0.0,0.0,0.0,0.0,0.0
7.0,6.0,6_7,31.0,31.0,31.0,31.0,31.0,31.0,31.0,2399.0,other,yes,0.0,0.0,0.0,0.0,0.0,0.0
6.0,7.0,6_7,40.0,40.0,40.0,40.0,40.0,40.0,40.0,3003.0,self,yes,0.0,0.0,0.0,0.0,0.0,0.0
7.0,6.0,6_7,51.0,51.0,51.3,56.8,57.0,57.0,57.0,3003.0,other,yes,-5.799999999999997,-5.799999999999997,-5.5,0.20000000000000284,0.20000000000000284,0.20000000000000284
6.0,7.0,6_7,48.0,48.0,48.0,30.77777777777778,30.0,30.0,30.0,4523.0,self,yes,17.22222222222222,17.22222222222222,17.22222222222222,-0.7777777777777786,-0.7777777777777786,-0.7777777777777786
7.0,6.0,6_7,57.0,57.0,57.0,57.0,60.9,62.0,62.0,4523.0,other,yes,0.0,0.0,0.0,3.8999999999999986,5.0,5.0
6.0,7.0,6_7,30.0,30.0,30.0,30.0,30.0,30.0,30.0,2388.0,self,yes,0.0,0.0,0.0,0.0,0.0,0.0
7.0,6.0,6_7,62.0,62.0,62.0,62.0,62.0,62.0,62.0,2388.0,other,yes,0.0,0.0,0.0,0.0,0.0,0.0
62.0,60.0,60_62,46.55,49.15,50.0,50.0,50.0,50.0,50.0,2066.0,other,yes,-3.450000000000003,-0.8500000000000014,0.0,0.0,0.0,0.0
60.0,62.0,60_62,46.0,46.0,47.65,48.0,40.15,39.05,39.0,2066.0,self,yes,-2.0,-2.0,-0.3500000000000014,-7.850000000000001,-8.950000000000003,-9.0
62.0,60.0,60_62,50.0,50.0,50.0,50.0,50.0,50.0,50.0,3082.0,other,yes,0.0,0.0,0.0,0.0,0.0,0.0
60.0,62.0,60_62,40.0,40.0,40.0,38.96774193548387,35.0,35.0,35.0,3082.0,self,yes,1.0322580645161281,1.0322580645161281,1.0322580645161281,-3.967741935483872,-3.967741935483872,-3.967741935483872
62.0,60.0,60_62,57.0,57.0,57.0,57.0,57.0,57.0,57.0,2133.0,self,yes,0.0,0.0,0.0,0.0,0.0,0.0
60.0,62.0,60_62,82.0,82.0,81.05,81.0,81.0,81.0,81.0,2133.0,other,yes,1.0,1.0,0.04999999999999716,0.0,0.0,0.0
87.0,88.0,88_87,90.0,90.0,90.0,90.0,90.0,90.0,90.0,2415.0,self,yes,0.0,0.0,0.0,0.0,0.0,0.0
88.0,87.0,88_87,89.0,89.0,89.0,89.0,89.0,89.0,89.0,2415.0,other,yes,0.0,0.0,0.0,0.0,0.0,0.0
87.0,88.0,88_87,90.0,90.0,90.0,90.0,90.0,90.0,90.0,2459.0,self,yes,0.0,0.0,0.0,0.0,0.0,0.0
88.0,87.0,88_87,93.0,93.0,93.0,93.0,93.0,93.0,93.0,2459.0,other,yes,0.0,0.0,0.0,0.0,0.0,0.0
41.0,46.0,41_46,23.0,23.0,23.0,23.0,23.0,23.0,23.0,2057.0,self,yes,0.0,0.0,0.0,0.0,0.0,0.0
46.0,41.0,41_46,37.0,37.0,37.0,37.04761904761905,38.0,38.0,38.0,2057.0,other,yes,-0.047619047619051,-0.047619047619051,-0.047619047619051,0.952380952380949,0.952380952380949,0.952380952380949
41.0,46.0,41_46,27.0,27.0,27.0,27.0,27.0,27.0,27.0,3849.0,other,yes,0.0,0.0,0.0,0.0,0.0,0.0
46.0,41.0,41_46,35.0,35.0,35.0,35.0,35.0,35.0,35.0,3849.0,self,yes,0.0,0.0,0.0,0.0,0.0,0.0
60.0,63.0,60_63,93.0,94.0,94.0,92.18181818181819,86.7,85.0,85.0,2127.0,self,yes,0.818181818181813,1.818181818181813,1.818181818181813,-5.481818181818184,-7.181818181818187,-7.181818181818187
63.0,60.0,60_63,68.25,69.0,69.0,69.0,69.0,69.0,69.0,2127.0,other,yes,-0.75,0.0,0.0,0.0,0.0,0.0
102.0,106.0,102_106,61.0,61.0,61.0,61.0,61.0,61.0,61.0,2555.0,self,yes,0.0,0.0,0.0,0.0,0.0,0.0
106.0,102.0,102_106,50.0,50.0,50.0,50.0,50.0,50.0,50.0,2555.0,other,yes,0.0,0.0,0.0,0.0,0.0,0.0
102.0,106.0,102_106,70.0,70.0,70.0,70.0,70.0,70.0,70.0,2174.0,other,yes,0.0,0.0,0.0,0.0,0.0,0.0
106.0,102.0,102_106,49.0,49.0,49.0,49.0,49.0,49.0,49.0,2174.0,self,yes,0.0,0.0,0.0,0.0,0.0,0.0
102.0,106.0,102_106,70.0,70.0,70.0,70.0,70.0,69.8,67.6,2303.0,other,yes,0.0,0.0,0.0,0.0,-0.20000000000000284,-2.4000000000000057
106.0,102.0,102_106,49.0,49.0,49.0,49.0,49.0,49.0,49.0,2303.0,self,yes,0.0,0.0,0.0,0.0,0.0,0.0
102.0,106.0,102_106,64.0,64.0,64.0,64.0,64.0,63.65,61.0,2094.0,other,yes,0.0,0.0,0.0,0.0,-0.3500000000000014,-3.0
106.0,102.0,102_106,41.0,41.0,41.0,41.0,41.0,41.0,41.0,2094.0,self,yes,0.0,0.0,0.0,0.0,0.0,0.0
102.0,106.0,102_106,62.0,61.8,63.0,63.91428571428571,64.0,64.0,64.0,3457.0,other,yes,-1.914285714285711,-2.114285714285714,-0.914285714285711,0.08571428571428896,0.08571428571428896,0.08571428571428896
106.0,102.0,102_106,41.0,41.0,41.0,42.628571428571426,44.0,44.0,44.0,3457.0,self,yes,-1.6285714285714263,-1.6285714285714263,-1.6285714285714263,1.3714285714285737,1.3714285714285737,1.3714285714285737
102.0,106.0,102_106,63.8,64.0,64.0,64.0,64.0,63.6,56.4,2390.0,self,yes,-0.20000000000000284,0.0,0.0,0.0,-0.3999999999999986,-7.600000000000001
106.0,102.0,102_106,41.45,44.0,44.0,44.0,44.0,44.0,44.0,2390.0,other,yes,-2.549999999999997,0.0,0.0,0.0,0.0,0.0
102.0,106.0,102_106,56.0,56.0,56.0,56.0,56.0,56.0,56.0,2122.0,other,yes,0.0,0.0,0.0,0.0,0.0,0.0
106.0,102.0,102_106,44.0,44.0,44.0,44.0,44.0,44.0,44.0,2122.0,self,yes,0.0,0.0,0.0,0.0,0.0,0.0
102.0,106.0,102_106,59.0,59.0,59.0,59.0,59.0,59.0,59.0,3199.0,self,yes,0.0,0.0,0.0,0.0,0.0,0.0
106.0,102.0,102_106,46.0,46.0,46.0,46.0,46.0,46.0,46.0,3199.0,other,yes,0.0,0.0,0.0,0.0,0.0,0.0
24.0,23.0,24_23,83.95,82.7,82.3,82.76190476190476,81.4,76.05,82.9,2066.0,other,yes,1.1880952380952436,-0.061904761904756356,-0.46190476190476204,-1.3619047619047535,-6.711904761904762,0.1380952380952465
23.0,24.0,24_23,0.0,0.0,0.0,0.0,0.0,0.0,0.0,2066.0,self,yes,0.0,0.0,0.0,0.0,0.0,0.0
70.0,62.0,70_62,6.0,6.0,6.0,6.0,6.0,6.0,6.0,2343.0,other,yes,0.0,0.0,0.0,0.0,0.0,0.0
62.0,70.0,70_62,23.0,23.0,23.0,23.0,23.0,23.25,27.35,2343.0,self,yes,0.0,0.0,0.0,0.0,0.25,4.350000000000001
70.0,62.0,70_62,88.0,88.0,88.0,88.0,88.0,88.0,88.0,2029.0,self,yes,0.0,0.0,0.0,0.0,0.0,0.0
62.0,70.0,70_62,51.0,51.0,51.0,51.0,51.0,51.0,51.0,2029.0,other,yes,0.0,0.0,0.0,0.0,0.0,0.0
70.0,62.0,70_62,91.0,91.0,91.0,91.0,91.0,91.0,91.0,2805.0,other,yes,0.0,0.0,0.0,0.0,0.0,0.0
62.0,70.0,70_62,53.5,32.3,23.0,23.0,23.0,23.0,23.0,2805.0,self,yes,30.5,9.299999999999997,0.0,0.0,0.0,0.0
27.0,26.0,26_27,26.0,26.0,26.0,26.0,26.0,26.0,26.0,2266.0,self,yes,0.0,0.0,0.0,0.0,0.0,0.0
26.0,27.0,26_27,58.0,58.0,58.0,58.0,58.0,60.85,64.15,2266.0,other,yes,0.0,0.0,0.0,0.0,2.8500000000000014,6.150000000000006
27.0,26.0,26_27,60.0,60.0,60.0,60.0,60.0,60.0,60.7,2170.0,other,yes,0.0,0.0,0.0,0.0,0.0,0.7000000000000028
26.0,27.0,26_27,94.05,99.75,100.0,100.0,100.0,100.0,100.0,2170.0,self,yes,-5.950000000000003,-0.25,0.0,0.0,0.0,0.0
27.0,26.0,26_27,67.0,67.0,67.0,67.0,67.0,67.0,67.0,3310.0,self,yes,0.0,0.0,0.0,0.0,0.0,0.0
26.0,27.0,26_27,77.0,77.0,77.0,77.0,77.0,77.0,77.0,3310.0,other,yes,0.0,0.0,0.0,0.0,0.0,0.0
27.0,26.0,26_27,82.0,82.0,82.0,82.0,82.05,83.0,83.3,2074.0,other,yes,0.0,0.0,0.0,0.04999999999999716,1.0,1.2999999999999972
26.0,27.0,26_27,100.0,100.0,100.0,100.0,100.0,100.0,100.0,2074.0,self,yes,0.0,0.0,0.0,0.0,0.0,0.0
27.0,26.0,26_27,89.0,89.0,89.0,89.0,89.0,89.0,89.0,2077.0,self,yes,0.0,0.0,0.0,0.0,0.0,0.0
26.0,27.0,26_27,52.0,52.0,52.0,52.0,52.0,52.0,52.0,2077.0,other,yes,0.0,0.0,0.0,0.0,0.0,0.0
28.0,22.0,28_22,55.0,55.0,55.1,56.0,56.0,64.55,78.2,2706.0,self,yes,-1.0,-1.0,-0.8999999999999986,0.0,8.549999999999997,22.200000000000003
22.0,28.0,28_22,75.9,76.0,76.0,76.0,76.0,76.0,76.0,2706.0,other,yes,-0.09999999999999432,0.0,0.0,0.0,0.0,0.0
43.0,46.0,43_46,11.0,11.0,11.0,11.0,11.0,11.0,11.0,2837.0,self,yes,0.0,0.0,0.0,0.0,0.0,0.0
46.0,43.0,43_46,55.9,55.0,55.0,55.0,55.0,55.0,55.0,2837.0,other,yes,0.8999999999999986,0.0,0.0,0.0,0.0,0.0
43.0,46.0,43_46,14.0,14.0,14.0,14.0,14.0,14.0,14.0,2028.0,self,yes,0.0,0.0,0.0,0.0,0.0,0.0
46.0,43.0,43_46,43.0,43.0,43.0,43.0,43.0,43.0,43.0,2028.0,other,yes,0.0,0.0,0.0,0.0,0.0,0.0
102.0,103.0,102_103,39.0,39.0,39.0,39.0,39.0,39.0,39.0,2093.0,self,yes,0.0,0.0,0.0,0.0,0.0,0.0
103.0,102.0,102_103,73.0,73.0,73.0,70.14285714285714,69.25,58.75,58.0,2093.0,other,yes,2.857142857142861,2.857142857142861,2.857142857142861,-0.8928571428571388,-11.392857142857139,-12.142857142857139
102.0,103.0,102_103,56.0,58.9,62.0,62.0,62.0,62.0,62.0,2917.0,other,yes,-6.0,-3.1000000000000014,0.0,0.0,0.0,0.0
103.0,102.0,102_103,89.35,89.0,89.0,89.13793103448276,88.15,87.0,87.0,2917.0,self,yes,0.21206896551723275,-0.13793103448276156,-0.13793103448276156,-0.9879310344827559,-2.1379310344827616,-2.1379310344827616
102.0,103.0,102_103,67.0,67.0,67.0,67.0,67.0,67.0,67.0,2719.0,other,yes,0.0,0.0,0.0,0.0,0.0,0.0
103.0,102.0,102_103,74.0,74.0,65.9,63.0,63.0,63.0,63.0,2719.0,self,yes,11.0,11.0,2.9000000000000057,0.0,0.0,0.0
102.0,103.0,102_103,67.0,67.0,67.0,67.0,67.0,67.0,67.0,2016.0,other,yes,0.0,0.0,0.0,0.0,0.0,0.0
103.0,102.0,102_103,85.0,86.25,72.35,35.9,20.55,10.55,22.4,2016.0,self,yes,49.1,50.35,36.449999999999996,-15.349999999999998,-25.349999999999998,-13.5
6.0,3.0,6_3,36.0,36.0,36.0,36.0,36.0,36.0,36.4,2352.0,other,yes,0.0,0.0,0.0,0.0,0.0,0.3999999999999986
3.0,6.0,6_3,70.89473684210526,56.05263157894737,41.73684210526316,41.0,41.5,49.55,48.25,2352.0,self,yes,29.89473684210526,15.05263157894737,0.7368421052631575,0.5,8.549999999999997,7.25
6.0,3.0,6_3,48.0,48.0,48.0,48.0,48.0,48.0,48.0,2440.0,self,yes,0.0,0.0,0.0,0.0,0.0,0.0
3.0,6.0,6_3,100.0,62.8,39.9,43.125,49.0,59.0,23.95,2440.0,other,yes,56.875,19.674999999999997,-3.2250000000000014,5.875,15.875,-19.175
6.0,3.0,6_3,59.0,59.0,59.0,59.0,59.0,59.0,59.0,2886.0,other,yes,0.0,0.0,0.0,0.0,0.0,0.0
3.0,6.0,6_3,58.6,82.0,82.0,82.0,82.0,82.0,82.0,2886.0,self,yes,-23.4,0.0,0.0,0.0,0.0,0.0
110.0,103.0,103_110,15.0,15.0,15.0,15.0,14.5,13.0,13.0,2057.0,self,yes,0.0,0.0,0.0,-0.5,-2.0,-2.0
103.0,110.0,103_110,23.0,23.0,22.15,22.0,22.0,22.0,22.0,2057.0,other,yes,1.0,1.0,0.14999999999999858,0.0,0.0,0.0
110.0,103.0,103_110,15.0,14.05,13.0,13.0,13.0,13.0,12.05,2588.0,other,no,2.0,1.0500000000000007,0.0,0.0,0.0,-0.9499999999999993
103.0,110.0,103_110,20.0,57.1,72.0,72.0,72.0,72.35,75.75,2588.0,self,no,-52.0,-14.899999999999999,0.0,0.0,0.3499999999999943,3.75
110.0,103.0,103_110,16.0,15.2,15.0,15.0,15.0,10.55,12.45,2033.0,self,yes,1.0,0.1999999999999993,0.0,0.0,-4.449999999999999,-2.5500000000000007
103.0,110.0,103_110,71.0,71.0,71.0,69.33333333333333,68.15,69.0,75.4,2033.0,other,yes,1.6666666666666714,1.6666666666666714,1.6666666666666714,-1.183333333333323,-0.3333333333333286,6.066666666666677
110.0,103.0,103_110,11.05,11.0,11.0,11.0,11.0,11.0,11.0,2370.0,other,yes,0.05000000000000071,0.0,0.0,0.0,0.0,0.0
103.0,110.0,103_110,63.3,70.0,70.0,70.0,70.0,70.0,70.0,2370.0,self,yes,-6.700000000000003,0.0,0.0,0.0,0.0,0.0
110.0,103.0,103_110,6.55,8.0,8.0,8.0,9.2,10.0,10.0,2139.0,self,yes,-1.4500000000000002,0.0,0.0,1.1999999999999993,2.0,2.0
103.0,110.0,103_110,84.0,85.95,85.5,65.61904761904762,65.0,65.0,64.95,2139.0,other,yes,18.38095238095238,20.330952380952382,19.88095238095238,-0.6190476190476204,-0.6190476190476204,-0.6690476190476176
68.0,65.0,65_68,49.0,49.0,48.9,43.67857142857143,44.0,44.0,44.05,2781.0,other,yes,5.321428571428569,5.321428571428569,5.221428571428568,0.3214285714285694,0.3214285714285694,0.37142857142856656
65.0,68.0,65_68,0.0,0.0,0.0,0.0,3.1,24.35,24.0,2781.0,self,yes,0.0,0.0,0.0,3.1,24.35,24.0
68.0,65.0,65_68,50.0,50.0,50.0,50.0,50.0,50.0,49.45,2820.0,self,yes,0.0,0.0,0.0,0.0,0.0,-0.5499999999999972
65.0,68.0,65_68,37.0,37.0,37.0,37.0,37.0,37.0,37.0,2820.0,other,yes,0.0,0.0,0.0,0.0,0.0,0.0
64.0,60.0,60_64,61.0,61.0,61.0,61.0,61.0,61.0,61.0,2304.0,self,yes,0.0,0.0,0.0,0.0,0.0,0.0
60.0,64.0,60_64,71.0,71.0,71.0,71.0,71.0,71.0,71.0,2304.0,other,yes,0.0,0.0,0.0,0.0,0.0,0.0
90.0,86.0,86_90,16.0,16.0,16.0,16.0,16.0,16.0,16.0,2269.0,other,yes,0.0,0.0,0.0,0.0,0.0,0.0
86.0,90.0,86_90,70.3,70.7,68.6,68.0,68.0,68.0,68.0,2269.0,self,yes,2.299999999999997,2.700000000000003,0.5999999999999943,0.0,0.0,0.0
26.0,30.0,26_30,56.0,56.0,56.0,56.0,56.0,56.0,56.0,2224.0,self,yes,0.0,0.0,0.0,0.0,0.0,0.0
30.0,26.0,26_30,39.0,39.0,39.0,39.0,39.0,39.0,39.0,2224.0,other,yes,0.0,0.0,0.0,0.0,0.0,0.0
26.0,30.0,26_30,58.0,58.0,58.0,58.0,58.0,58.0,58.0,5029.0,self,yes,0.0,0.0,0.0,0.0,0.0,0.0
30.0,26.0,26_30,24.0,24.0,24.0,24.0,24.0,24.0,24.0,5029.0,other,yes,0.0,0.0,0.0,0.0,0.0,0.0
60.0,65.0,60_65,0.0,0.0,0.0,0.0,0.0,0.0,0.0,2027.0,self,yes,0.0,0.0,0.0,0.0,0.0,0.0
65.0,60.0,60_65,0.0,0.0,0.0,0.0,0.0,1.05,4.0,2027.0,other,yes,0.0,0.0,0.0,0.0,1.05,4.0
60.0,65.0,60_65,84.0,84.0,84.0,84.0,84.0,84.0,84.0,2628.0,other,yes,0.0,0.0,0.0,0.0,0.0,0.0
65.0,60.0,60_65,57.0,57.0,57.0,57.0,57.0,57.0,57.0,2628.0,self,yes,0.0,0.0,0.0,0.0,0.0,0.0
60.0,65.0,60_65,84.0,84.0,84.0,84.0,84.0,84.0,84.0,2128.0,self,yes,0.0,0.0,0.0,0.0,0.0,0.0
65.0,60.0,60_65,57.0,57.0,57.0,57.0,57.0,57.0,57.0,2128.0,other,yes,0.0,0.0,0.0,0.0,0.0,0.0
60.0,65.0,60_65,84.0,84.0,84.0,84.0,84.0,84.0,84.0,2199.0,other,yes,0.0,0.0,0.0,0.0,0.0,0.0
65.0,60.0,60_65,57.0,57.0,57.0,57.81818181818182,69.0,70.0,70.0,2199.0,self,yes,-0.8181818181818201,-0.8181818181818201,-0.8181818181818201,11.18181818181818,12.18181818181818,12.18181818181818
65.0,69.0,65_69,39.0,39.0,39.0,39.0,39.0,39.0,39.0,2508.0,self,yes,0.0,0.0,0.0,0.0,0.0,0.0
69.0,65.0,65_69,57.0,57.0,57.0,57.0,59.35,63.35,63.0,2508.0,other,yes,0.0,0.0,0.0,2.3500000000000014,6.350000000000001,6.0
65.0,69.0,65_69,39.0,39.0,39.0,39.0,39.0,39.0,39.0,2026.0,other,yes,0.0,0.0,0.0,0.0,0.0,0.0
69.0,65.0,65_69,63.0,68.1,70.0,70.0,70.0,70.0,70.0,2026.0,self,yes,-7.0,-1.9000000000000057,0.0,0.0,0.0,0.0
65.0,69.0,65_69,59.0,59.0,59.0,59.0,59.0,59.0,59.0,2100.0,other,yes,0.0,0.0,0.0,0.0,0.0,0.0
69.0,65.0,65_69,91.0,91.0,91.0,91.0,91.0,91.0,91.0,2100.0,self,yes,0.0,0.0,0.0,0.0,0.0,0.0
65.0,69.0,65_69,70.0,70.0,70.0,70.0,70.0,70.0,70.0,3540.0,other,yes,0.0,0.0,0.0,0.0,0.0,0.0
69.0,65.0,65_69,85.0,85.0,87.1,90.0,89.85,78.05,68.35,3540.0,self,yes,-5.0,-5.0,-2.9000000000000057,-0.15000000000000568,-11.950000000000003,-21.650000000000006
65.0,69.0,65_69,70.0,70.0,70.0,70.0,70.0,70.0,70.1,2498.0,self,yes,0.0,0.0,0.0,0.0,0.0,0.09999999999999432
69.0,65.0,65_69,86.6,90.0,90.0,88.6,72.3,68.0,68.05,2498.0,other,yes,-2.0,1.4000000000000057,1.4000000000000057,-16.299999999999997,-20.599999999999994,-20.549999999999997
84.0,81.0,84_81,9.0,10.9,12.0,12.0,12.0,12.0,12.0,2220.0,other,yes,-3.0,-1.0999999999999996,0.0,0.0,0.0,0.0
81.0,84.0,84_81,67.0,67.0,67.0,67.0,67.0,67.0,67.0,2220.0,self,yes,0.0,0.0,0.0,0.0,0.0,0.0
84.0,81.0,84_81,16.0,15.65,15.0,15.0,15.0,15.0,15.0,3392.0,other,yes,1.0,0.6500000000000004,0.0,0.0,0.0,0.0
81.0,84.0,84_81,67.0,67.0,67.0,67.0,67.0,67.0,67.0,3392.0,self,yes,0.0,0.0,0.0,0.0,0.0,0.0
22.0,20.0,20_22,80.0,80.0,79.8,82.0,82.0,82.0,82.0,2322.0,other,yes,-2.0,-2.0,-2.200000000000003,0.0,0.0,0.0
20.0,22.0,20_22,70.8,69.0,69.0,69.0,69.0,69.0,69.0,2322.0,self,yes,1.7999999999999972,0.0,0.0,0.0,0.0,0.0
63.0,66.0,66_63,61.0,61.0,61.0,61.0,61.0,61.0,61.0,2281.0,other,yes,0.0,0.0,0.0,0.0,0.0,0.0
66.0,63.0,66_63,49.0,49.0,49.25,51.130434782608695,52.0,52.0,52.0,2281.0,self,yes,-2.1304347826086953,-2.1304347826086953,-1.8804347826086953,0.8695652173913047,0.8695652173913047,0.8695652173913047
110.0,108.0,108_110,7.0,7.0,7.0,7.0,7.0,7.0,7.0,2133.0,other,no,0.0,0.0,0.0,0.0,0.0,0.0
108.0,110.0,108_110,79.0,79.0,79.0,79.0,79.0,79.0,79.0,2133.0,self,no,0.0,0.0,0.0,0.0,0.0,0.0
22.0,27.0,22_27,39.0,39.0,39.0,35.77272727272727,33.0,33.0,33.0,2248.0,other,yes,3.2272727272727266,3.2272727272727266,3.2272727272727266,-2.7727272727272734,-2.7727272727272734,-2.7727272727272734
27.0,22.0,22_27,68.0,68.0,68.0,68.0,68.0,68.0,68.0,2248.0,self,yes,0.0,0.0,0.0,0.0,0.0,0.0
22.0,27.0,22_27,5.0,5.0,9.85,12.545454545454545,5.15,0.4,0.0,2256.0,self,yes,-7.545454545454545,-7.545454545454545,-2.6954545454545453,-7.395454545454545,-12.145454545454545,-12.545454545454545
27.0,22.0,22_27,72.0,72.0,72.0,72.0,72.0,72.0,72.0,2256.0,other,yes,0.0,0.0,0.0,0.0,0.0,0.0
22.0,27.0,22_27,44.0,44.0,44.0,44.0,44.0,44.0,44.0,2250.0,other,yes,0.0,0.0,0.0,0.0,0.0,0.0
27.0,22.0,22_27,72.0,72.0,72.0,72.0,72.0,72.0,72.0,2250.0,self,yes,0.0,0.0,0.0,0.0,0.0,0.0
11.0,6.0,6_11,87.0,87.0,87.0,87.0,87.65,89.0,89.0,2007.0,self,yes,0.0,0.0,0.0,0.6500000000000057,2.0,2.0
6.0,11.0,6_11,67.0,69.65,72.0,72.0,72.0,72.0,72.0,2007.0,other,yes,-5.0,-2.3499999999999943,0.0,0.0,0.0,0.0
103.0,100.0,100_103,68.05,67.85,59.75,45.90909090909091,48.2,48.85,48.0,2169.0,other,yes,22.14090909090909,21.940909090909088,13.840909090909093,2.2909090909090963,2.940909090909095,2.0909090909090935
100.0,103.0,100_103,36.0,36.0,33.45,29.0,29.0,29.0,29.0,2169.0,self,yes,7.0,7.0,4.450000000000003,0.0,0.0,0.0
103.0,100.0,100_103,35.0,35.0,35.0,35.0,35.0,46.8,47.0,2011.0,self,yes,0.0,0.0,0.0,0.0,11.799999999999997,12.0
100.0,103.0,100_103,80.0,80.0,80.0,80.0,60.65,48.8,69.55,2011.0,other,yes,0.0,0.0,0.0,-19.35,-31.200000000000003,-10.450000000000003
22.0,26.0,22_26,51.0,51.0,51.0,44.833333333333336,46.85,54.9,60.45,2408.0,self,yes,6.166666666666664,6.166666666666664,6.166666666666664,2.0166666666666657,10.066666666666663,15.616666666666667
26.0,22.0,22_26,52.0,52.0,52.0,52.0,52.0,52.0,52.0,2408.0,other,yes,0.0,0.0,0.0,0.0,0.0,0.0
22.0,26.0,22_26,54.0,54.0,53.75,45.121212121212125,40.2,40.0,39.2,3275.0,self,yes,8.878787878787875,8.878787878787875,8.628787878787875,-4.921212121212122,-5.121212121212125,-5.921212121212122
26.0,22.0,22_26,100.0,100.0,100.0,100.0,83.55,70.85,70.0,3275.0,other,yes,0.0,0.0,0.0,-16.450000000000003,-29.150000000000006,-30.0
86.0,82.0,82_86,49.9,53.5,59.4,61.34782608695652,61.55,60.05,61.2,2285.0,other,yes,-11.447826086956525,-7.847826086956523,-1.9478260869565247,0.20217391304347387,-1.2978260869565261,-0.14782608695652044
82.0,86.0,82_86,77.0,77.0,77.0,77.0,77.0,77.0,77.0,2285.0,self,yes,0.0,0.0,0.0,0.0,0.0,0.0
108.0,105.0,108_105,73.0,73.0,73.0,73.0,73.0,73.0,73.0,2113.0,other,yes,0.0,0.0,0.0,0.0,0.0,0.0
105.0,108.0,108_105,23.0,23.0,23.0,23.0,23.0,23.0,23.0,2113.0,self,yes,0.0,0.0,0.0,0.0,0.0,0.0
108.0,105.0,108_105,92.0,92.0,92.0,92.0,92.0,92.0,92.0,3152.0,other,yes,0.0,0.0,0.0,0.0,0.0,0.0
105.0,108.0,108_105,0.55,11.95,15.0,15.0,15.6,16.0,17.35,3152.0,self,yes,-14.45,-3.0500000000000007,0.0,0.5999999999999996,1.0,2.3500000000000014
100.0,101.0,100_101,73.0,73.0,73.0,73.0,73.0,73.0,73.0,2470.0,other,yes,0.0,0.0,0.0,0.0,0.0,0.0
101.0,100.0,100_101,72.0,72.0,72.0,72.0,72.0,72.0,72.0,2470.0,self,yes,0.0,0.0,0.0,0.0,0.0,0.0
48.0,42.0,42_48,42.0,41.95,41.2,39.74285714285714,39.15,39.8,25.2,3425.0,other,yes,2.25714285714286,2.2071428571428626,1.4571428571428626,-0.5928571428571416,0.05714285714285694,-14.542857142857141
42.0,48.0,42_48,54.6,53.05,53.0,53.0,53.0,53.0,53.0,3425.0,self,yes,1.6000000000000014,0.04999999999999716,0.0,0.0,0.0,0.0
105.0,101.0,101_105,55.0,55.0,55.0,55.0,55.0,55.0,55.0,3519.0,other,yes,0.0,0.0,0.0,0.0,0.0,0.0
101.0,105.0,101_105,35.0,35.0,35.0,35.0,41.55,48.95,49.0,3519.0,self,yes,0.0,0.0,0.0,6.549999999999997,13.950000000000003,14.0
105.0,101.0,101_105,32.0,32.0,32.0,32.0,32.0,32.0,32.0,2656.0,other,yes,0.0,0.0,0.0,0.0,0.0,0.0
101.0,105.0,101_105,46.0,46.0,53.6,63.96296296296296,64.0,64.0,64.0,2656.0,self,yes,-17.962962962962962,-17.962962962962962,-10.36296296296296,0.03703703703703809,0.03703703703703809,0.03703703703703809
105.0,101.0,101_105,32.0,32.0,32.0,32.0,32.0,40.0,57.15,3549.0,other,yes,0.0,0.0,0.0,0.0,8.0,25.15
101.0,105.0,101_105,64.75,64.0,64.0,64.0,64.0,64.0,64.0,3549.0,self,yes,0.75,0.0,0.0,0.0,0.0,0.0
105.0,101.0,101_105,21.0,21.0,21.0,21.0,21.0,21.0,25.2,2499.0,self,yes,0.0,0.0,0.0,0.0,0.0,4.199999999999999
101.0,105.0,101_105,44.6,45.0,45.0,45.0,45.0,47.25,49.0,2499.0,other,yes,-0.3999999999999986,0.0,0.0,0.0,2.25,4.0
105.0,101.0,101_105,29.0,29.0,29.0,29.0,29.0,29.0,29.0,2456.0,self,yes,0.0,0.0,0.0,0.0,0.0,0.0
101.0,105.0,101_105,71.0,71.0,71.0,71.0,50.25,50.0,50.0,2456.0,other,yes,0.0,0.0,0.0,-20.75,-21.0,-21.0
105.0,101.0,101_105,60.0,60.0,60.0,60.0,60.0,60.0,60.0,2542.0,self,yes,0.0,0.0,0.0,0.0,0.0,0.0
101.0,105.0,101_105,82.4,88.45,89.0,89.0,89.0,89.0,89.0,2542.0,other,yes,-6.599999999999994,-0.5499999999999972,0.0,0.0,0.0,0.0
105.0,101.0,101_105,30.0,30.0,30.0,30.0,30.0,30.0,30.0,2192.0,self,yes,0.0,0.0,0.0,0.0,0.0,0.0
101.0,105.0,101_105,87.0,85.95,87.55,88.0,88.0,88.0,88.0,2192.0,other,yes,-1.0,-2.049999999999997,-0.45000000000000284,0.0,0.0,0.0
7.0,5.0,5_7,100.0,100.0,100.0,100.0,100.0,100.0,100.0,2464.0,other,yes,0.0,0.0,0.0,0.0,0.0,0.0
5.0,7.0,5_7,93.0,93.0,93.0,93.0,93.0,93.0,93.0,2464.0,self,yes,0.0,0.0,0.0,0.0,0.0,0.0
82.0,85.0,82_85,60.9,58.65,58.0,58.0,58.0,58.0,58.0,2193.0,self,yes,2.8999999999999986,0.6499999999999986,0.0,0.0,0.0,0.0
85.0,82.0,82_85,63.0,63.0,63.0,57.81818181818182,45.1,39.35,40.45,2193.0,other,yes,5.18181818181818,5.18181818181818,5.18181818181818,-12.718181818181819,-18.46818181818182,-17.368181818181817
106.0,108.0,108_106,46.0,46.0,46.0,46.0,46.0,46.0,46.0,2125.0,other,yes,0.0,0.0,0.0,0.0,0.0,0.0
108.0,106.0,108_106,32.0,32.0,32.0,32.0,32.0,32.0,32.0,2125.0,self,yes,0.0,0.0,0.0,0.0,0.0,0.0
106.0,108.0,108_106,39.0,39.0,39.0,39.0,39.0,39.0,39.0,2495.0,self,yes,0.0,0.0,0.0,0.0,0.0,0.0
108.0,106.0,108_106,42.7,43.0,43.0,43.0,43.0,43.0,54.25,2495.0,other,yes,-0.29999999999999716,0.0,0.0,0.0,0.0,11.25
109.0,105.0,105_109,63.65,72.2,73.0,73.0,73.0,73.0,73.0,2421.0,self,yes,-9.350000000000001,-0.7999999999999972,0.0,0.0,0.0,0.0
105.0,109.0,105_109,49.3,57.65,65.15,70.0,69.95,33.15,7.0,2421.0,other,yes,-20.700000000000003,-12.350000000000001,-4.849999999999994,-0.04999999999999716,-36.85,-63.0
109.0,105.0,105_109,73.0,73.0,73.0,73.0,73.0,73.0,73.0,2105.0,other,yes,0.0,0.0,0.0,0.0,0.0,0.0
105.0,109.0,105_109,25.0,25.0,25.0,25.0,25.0,25.0,25.0,2105.0,self,yes,0.0,0.0,0.0,0.0,0.0,0.0
109.0,105.0,105_109,61.0,49.4,45.6,44.0,44.0,44.0,41.2,2148.0,other,yes,17.0,5.399999999999999,1.6000000000000014,0.0,0.0,-2.799999999999997
105.0,109.0,105_109,40.0,40.0,40.0,40.0,40.0,40.0,40.0,2148.0,self,yes,0.0,0.0,0.0,0.0,0.0,0.0
109.0,105.0,105_109,6.0,6.0,6.0,6.0,6.0,6.0,6.0,2207.0,other,yes,0.0,0.0,0.0,0.0,0.0,0.0
105.0,109.0,105_109,19.0,19.0,19.0,19.0,19.0,19.0,16.75,2207.0,self,yes,0.0,0.0,0.0,0.0,0.0,-2.25
80.0,84.0,80_84,74.0,74.0,74.0,74.0,74.0,74.0,74.0,2434.0,other,yes,0.0,0.0,0.0,0.0,0.0,0.0
84.0,80.0,80_84,18.8,19.0,19.0,19.0,19.0,19.0,19.0,2434.0,self,yes,-0.1999999999999993,0.0,0.0,0.0,0.0,0.0
81.0,82.0,82_81,7.0,7.0,7.0,7.0,7.0,7.0,7.0,2320.0,self,yes,0.0,0.0,0.0,0.0,0.0,0.0
82.0,81.0,82_81,47.8,49.6,51.0,49.869565217391305,47.15,45.0,43.3,2320.0,other,yes,-2.0695652173913075,-0.26956521739130324,1.1304347826086953,-2.719565217391306,-4.869565217391305,-6.5695652173913075
81.0,82.0,82_81,62.0,62.0,62.0,62.0,62.0,62.0,62.0,2472.0,other,yes,0.0,0.0,0.0,0.0,0.0,0.0
82.0,81.0,82_81,51.0,51.0,51.0,51.0,51.0,51.0,51.0,2472.0,self,yes,0.0,0.0,0.0,0.0,0.0,0.0
100.0,104.0,100_104,57.0,57.0,57.0,57.0,52.45,42.0,42.0,2169.0,other,yes,0.0,0.0,0.0,-4.549999999999997,-15.0,-15.0
104.0,100.0,100_104,43.0,43.0,43.0,43.0,43.0,43.0,43.0,2169.0,self,yes,0.0,0.0,0.0,0.0,0.0,0.0
104.0,110.0,110_104,60.0,60.0,60.0,60.0,60.0,60.0,60.0,2226.0,self,yes,0.0,0.0,0.0,0.0,0.0,0.0
110.0,104.0,110_104,26.0,26.0,26.0,26.0,26.0,26.0,26.0,2226.0,other,yes,0.0,0.0,0.0,0.0,0.0,0.0
45.0,44.0,45_44,84.0,84.0,84.0,84.0,84.0,84.0,84.0,2333.0,self,yes,0.0,0.0,0.0,0.0,0.0,0.0
44.0,45.0,45_44,54.0,54.0,54.0,54.0,54.0,54.0,54.0,2333.0,other,yes,0.0,0.0,0.0,0.0,0.0,0.0
100.0,105.0,100_105,31.0,31.0,31.0,31.0,31.0,31.0,31.0,2384.0,self,yes,0.0,0.0,0.0,0.0,0.0,0.0
105.0,100.0,100_105,46.0,46.0,46.0,46.0,46.0,46.0,46.0,2384.0,other,yes,0.0,0.0,0.0,0.0,0.0,0.0
80.0,82.0,82_80,75.0,75.0,75.0,75.0,75.0,75.0,75.0,2210.0,other,yes,0.0,0.0,0.0,0.0,0.0,0.0
82.0,80.0,82_80,76.25,76.0,75.5,70.77272727272727,82.2,84.0,83.25,2210.0,self,yes,5.477272727272734,5.227272727272734,4.727272727272734,11.427272727272737,13.227272727272734,12.477272727272734
108.0,103.0,108_103,66.0,66.0,73.55,75.0,75.0,75.0,75.0,3821.0,other,yes,-9.0,-9.0,-1.4500000000000028,0.0,0.0,0.0
103.0,108.0,108_103,51.0,50.95,47.3,47.0,47.0,47.0,47.0,3821.0,self,yes,4.0,3.950000000000003,0.29999999999999716,0.0,0.0,0.0
108.0,103.0,108_103,65.0,65.0,65.0,65.0,65.0,65.0,65.0,2561.0,other,yes,0.0,0.0,0.0,0.0,0.0,0.0
103.0,108.0,108_103,38.0,45.35,62.15,60.88,56.0,54.8,53.0,2561.0,self,yes,-22.880000000000003,-15.530000000000001,1.269999999999996,-4.880000000000003,-6.080000000000005,-7.880000000000003
108.0,103.0,108_103,67.0,67.0,67.0,79.37096774193549,27.45,31.0,31.0,6127.0,other,yes,-12.370967741935488,-12.370967741935488,-12.370967741935488,-51.920967741935485,-48.37096774193549,-48.37096774193549
103.0,108.0,108_103,58.6,59.45,58.0,27.24590163934426,4.0,4.0,4.0,6127.0,self,yes,31.35409836065574,32.20409836065574,30.75409836065574,-23.24590163934426,-23.24590163934426,-23.24590163934426
47.0,43.0,47_43,28.0,28.0,24.4,21.115384615384617,19.0,19.0,19.6,2589.0,other,yes,6.884615384615383,6.884615384615383,3.284615384615382,-2.1153846153846168,-2.1153846153846168,-1.5153846153846153
43.0,47.0,47_43,17.0,17.0,17.0,17.0,17.0,17.0,17.0,2589.0,self,yes,0.0,0.0,0.0,0.0,0.0,0.0
47.0,43.0,47_43,48.0,48.0,48.0,48.0,48.0,48.0,48.0,2328.0,other,yes,0.0,0.0,0.0,0.0,0.0,0.0
43.0,47.0,47_43,17.0,17.0,17.0,17.0,17.0,17.0,17.0,2328.0,self,yes,0.0,0.0,0.0,0.0,0.0,0.0
109.0,110.0,109_110,96.0,96.0,96.0,96.0,96.0,96.0,96.0,6060.0,self,yes,0.0,0.0,0.0,0.0,0.0,0.0
110.0,109.0,109_110,80.7,80.0,80.0,80.0,80.0,79.8,77.05,6060.0,other,yes,0.7000000000000028,0.0,0.0,0.0,-0.20000000000000284,-2.950000000000003
107.0,110.0,110_107,81.0,80.85,79.1,79.0,79.0,79.0,79.0,2444.0,other,yes,2.0,1.8499999999999943,0.09999999999999432,0.0,0.0,0.0
110.0,107.0,110_107,19.0,19.0,19.0,19.0,19.0,19.0,19.0,2444.0,self,yes,0.0,0.0,0.0,0.0,0.0,0.0
100.0,106.0,100_106,16.0,16.0,15.45,13.80952380952381,15.0,15.0,15.0,2040.0,other,yes,2.19047619047619,2.19047619047619,1.640476190476189,1.1904761904761898,1.1904761904761898,1.1904761904761898
106.0,100.0,100_106,38.0,38.0,38.0,38.0,38.0,38.0,38.0,2040.0,self,yes,0.0,0.0,0.0,0.0,0.0,0.0
100.0,106.0,100_106,22.2,25.0,25.0,25.0,25.0,22.0,21.0,2139.0,self,yes,-2.8000000000000007,0.0,0.0,0.0,-3.0,-4.0
106.0,100.0,100_106,38.0,38.0,38.0,38.0,38.0,38.0,38.0,2139.0,other,yes,0.0,0.0,0.0,0.0,0.0,0.0
100.0,106.0,100_106,41.9,12.5,10.0,9.80952380952381,5.7,11.95,34.55,4170.0,other,yes,32.09047619047619,2.69047619047619,0.1904761904761898,-4.10952380952381,2.140476190476189,24.740476190476187
106.0,100.0,100_106,37.0,37.0,35.85,35.0,35.0,35.0,35.0,4170.0,self,yes,2.0,2.0,0.8500000000000014,0.0,0.0,0.0
100.0,106.0,100_106,27.0,27.0,27.0,27.0,27.0,27.0,27.0,2063.0,other,yes,0.0,0.0,0.0,0.0,0.0,0.0
106.0,100.0,100_106,35.0,35.0,35.0,35.0,35.0,35.0,35.0,2063.0,self,yes,0.0,0.0,0.0,0.0,0.0,0.0
110.0,106.0,110_106,28.0,28.0,28.0,28.0,28.0,28.0,30.7,3471.0,self,yes,0.0,0.0,0.0,0.0,0.0,2.6999999999999993
106.0,110.0,110_106,38.0,38.0,38.0,38.0,38.0,38.0,38.0,3471.0,other,yes,0.0,0.0,0.0,0.0,0.0,0.0
110.0,106.0,110_106,34.0,34.0,34.0,37.34615384615385,40.0,40.0,40.0,2584.0,other,yes,-3.3461538461538467,-3.3461538461538467,-3.3461538461538467,2.6538461538461533,2.6538461538461533,2.6538461538461533
106.0,110.0,110_106,38.0,38.0,38.0,38.0,38.0,38.0,38.0,2584.0,self,yes,0.0,0.0,0.0,0.0,0.0,0.0
110.0,106.0,110_106,31.0,31.0,33.85,35.0,35.0,35.0,35.0,2104.0,other,yes,-4.0,-4.0,-1.1499999999999986,0.0,0.0,0.0
106.0,110.0,110_106,38.0,38.0,38.0,38.0,38.0,38.0,38.0,2104.0,self,yes,0.0,0.0,0.0,0.0,0.0,0.0
110.0,106.0,110_106,35.0,35.0,35.0,35.0,35.0,35.0,35.0,2010.0,self,no,0.0,0.0,0.0,0.0,0.0,0.0
106.0,110.0,110_106,50.0,50.0,50.0,50.0,50.0,50.0,50.0,2010.0,other,no,0.0,0.0,0.0,0.0,0.0,0.0
110.0,106.0,110_106,34.0,32.4,30.0,30.0,30.0,30.0,30.0,3147.0,other,yes,4.0,2.3999999999999986,0.0,0.0,0.0,0.0
106.0,110.0,110_106,65.0,65.0,65.0,65.0,65.0,65.0,65.0,3147.0,self,yes,0.0,0.0,0.0,0.0,0.0,0.0
110.0,106.0,110_106,34.0,34.0,34.0,34.0,34.0,34.0,34.0,2996.0,self,yes,0.0,0.0,0.0,0.0,0.0,0.0
106.0,110.0,110_106,79.0,79.0,79.0,79.0,79.0,79.0,79.0,2996.0,other,yes,0.0,0.0,0.0,0.0,0.0,0.0
22.0,23.0,22_23,88.0,88.0,88.0,88.0,88.0,88.0,88.0,2123.0,other,yes,0.0,0.0,0.0,0.0,0.0,0.0
23.0,22.0,22_23,46.0,46.0,46.0,46.0,46.0,50.25,58.0,2123.0,self,yes,0.0,0.0,0.0,0.0,4.25,12.0
3.0,7.0,3_7,67.0,67.0,67.0,50.794117647058826,41.0,41.1,48.35,3335.0,other,yes,16.205882352941174,16.205882352941174,16.205882352941174,-9.794117647058826,-9.694117647058825,-2.4441176470588246
7.0,3.0,3_7,100.0,100.0,100.0,100.0,100.0,100.0,100.0,3335.0,self,yes,0.0,0.0,0.0,0.0,0.0,0.0
3.0,7.0,3_7,60.85,50.0,70.45,50.666666666666664,55.85,59.0,59.0,2101.0,other,yes,10.183333333333337,-0.6666666666666643,19.78333333333334,5.183333333333337,8.333333333333336,8.333333333333336
7.0,3.0,3_7,100.0,100.0,100.0,100.0,100.0,100.0,100.0,2101.0,self,yes,0.0,0.0,0.0,0.0,0.0,0.0
86.0,80.0,80_86,66.0,66.0,66.0,66.0,66.0,66.0,66.0,2196.0,self,yes,0.0,0.0,0.0,0.0,0.0,0.0
80.0,86.0,80_86,83.0,83.0,83.0,83.0,83.0,83.0,83.0,2196.0,other,yes,0.0,0.0,0.0,0.0,0.0,0.0
1.0,8.0,1_8,99.9,88.0,78.3,75.29166666666667,74.55,73.8,72.0,2400.0,self,yes,24.608333333333334,12.708333333333329,3.0083333333333258,-0.7416666666666742,-1.4916666666666742,-3.2916666666666714
8.0,1.0,1_8,100.0,100.0,100.0,100.0,100.0,100.0,100.0,2400.0,other,yes,0.0,0.0,0.0,0.0,0.0,0.0
40.0,46.0,40_46,9.25,9.0,9.0,9.0,9.0,9.0,9.0,3017.0,other,yes,0.25,0.0,0.0,0.0,0.0,0.0
46.0,40.0,40_46,46.0,45.55,42.95,41.0,41.0,41.0,35.3,3017.0,self,yes,5.0,4.549999999999997,1.9500000000000028,0.0,0.0,-5.700000000000003
40.0,46.0,40_46,9.0,9.0,9.0,9.0,9.0,9.0,9.0,2960.0,self,yes,0.0,0.0,0.0,0.0,0.0,0.0
46.0,40.0,40_46,22.0,22.0,22.0,22.0,22.3,23.0,23.0,2960.0,other,yes,0.0,0.0,0.0,0.3000000000000007,1.0,1.0
40.0,46.0,40_46,9.0,9.0,9.0,9.0,9.0,9.0,9.0,2700.0,other,yes,0.0,0.0,0.0,0.0,0.0,0.0
46.0,40.0,40_46,33.0,32.8,32.0,33.851851851851855,37.3,38.0,37.25,2700.0,self,yes,-0.8518518518518547,-1.0518518518518576,-1.8518518518518547,3.4481481481481424,4.148148148148145,3.3981481481481453
40.0,46.0,40_46,9.0,9.0,9.0,9.0,9.0,9.0,9.0,3002.0,other,yes,0.0,0.0,0.0,0.0,0.0,0.0
46.0,40.0,40_46,46.0,46.0,46.0,46.0,46.0,46.0,46.0,3002.0,self,yes,0.0,0.0,0.0,0.0,0.0,0.0
106.0,105.0,105_106,51.0,51.0,49.85,40.09090909090909,39.0,39.0,39.0,2202.0,self,yes,10.909090909090907,10.909090909090907,9.759090909090908,-1.0909090909090935,-1.0909090909090935,-1.0909090909090935
105.0,106.0,105_106,0.0,16.1,20.0,20.0,20.0,20.0,20.0,2202.0,other,yes,-20.0,-3.8999999999999986,0.0,0.0,0.0,0.0
106.0,105.0,105_106,37.0,37.0,37.0,37.0,37.0,37.0,37.0,4083.0,other,yes,0.0,0.0,0.0,0.0,0.0,0.0
105.0,106.0,105_106,42.0,42.0,42.0,42.0,42.0,35.9,29.0,4083.0,self,yes,0.0,0.0,0.0,0.0,-6.100000000000001,-13.0
106.0,105.0,105_106,36.0,36.0,36.0,36.0,36.0,36.0,36.0,2076.0,self,yes,0.0,0.0,0.0,0.0,0.0,0.0
105.0,106.0,105_106,29.0,29.0,29.0,29.0,29.0,29.0,29.0,2076.0,other,yes,0.0,0.0,0.0,0.0,0.0,0.0
106.0,105.0,105_106,58.0,58.0,58.0,58.0,58.0,58.0,58.5,2178.0,self,yes,0.0,0.0,0.0,0.0,0.0,0.5
105.0,106.0,105_106,46.0,46.0,46.0,46.0,45.8,45.0,45.0,2178.0,other,yes,0.0,0.0,0.0,-0.20000000000000284,-1.0,-1.0
106.0,105.0,105_106,60.0,60.0,60.0,60.0,60.0,60.0,60.0,3031.0,other,yes,0.0,0.0,0.0,0.0,0.0,0.0
105.0,106.0,105_106,46.15,55.6,56.0,56.0,56.0,56.0,56.0,3031.0,self,yes,-9.850000000000001,-0.3999999999999986,0.0,0.0,0.0,0.0
106.0,105.0,105_106,60.0,60.0,60.0,60.0,60.0,60.0,60.0,2537.0,self,yes,0.0,0.0,0.0,0.0,0.0,0.0
105.0,106.0,105_106,56.0,56.0,56.0,56.0,55.45,51.05,50.0,2537.0,other,yes,0.0,0.0,0.0,-0.5499999999999972,-4.950000000000003,-6.0
106.0,105.0,105_106,74.0,74.0,74.0,73.97058823529412,74.35,75.0,75.0,3342.0,self,yes,0.029411764705884025,0.029411764705884025,0.029411764705884025,0.37941176470587834,1.029411764705884,1.029411764705884
105.0,106.0,105_106,71.0,71.0,71.0,70.41176470588235,72.45,84.75,87.0,3342.0,other,yes,0.5882352941176521,0.5882352941176521,0.5882352941176521,2.038235294117655,14.338235294117652,16.588235294117652
106.0,105.0,105_106,73.95,74.05,75.0,75.0,75.0,75.0,75.0,4591.0,other,yes,-1.0499999999999972,-0.9500000000000028,0.0,0.0,0.0,0.0
105.0,106.0,105_106,69.7,72.0,80.7,87.0,87.0,87.0,87.0,4591.0,self,yes,-17.299999999999997,-15.0,-6.299999999999997,0.0,0.0,0.0
106.0,105.0,105_106,75.0,75.0,75.0,75.0,75.0,75.0,75.0,2034.0,self,yes,0.0,0.0,0.0,0.0,0.0,0.0
105.0,106.0,105_106,87.0,87.0,87.0,87.0,87.0,85.3,62.95,2034.0,other,yes,0.0,0.0,0.0,0.0,-1.7000000000000028,-24.049999999999997
106.0,105.0,105_106,75.0,75.0,75.0,75.0,75.0,75.0,75.0,4942.0,other,yes,0.0,0.0,0.0,0.0,0.0,0.0
105.0,106.0,105_106,56.0,58.65,59.0,83.3061224489796,85.0,85.0,85.0,4942.0,self,yes,-27.306122448979593,-24.656122448979595,-24.306122448979593,1.6938775510204067,1.6938775510204067,1.6938775510204067
106.0,105.0,105_106,75.0,75.0,75.0,75.0,75.0,75.0,75.0,2082.0,self,yes,0.0,0.0,0.0,0.0,0.0,0.0
105.0,106.0,105_106,41.15,43.0,43.0,43.857142857142854,44.0,44.0,44.0,2082.0,other,yes,-2.7071428571428555,-0.8571428571428541,-0.8571428571428541,0.1428571428571459,0.1428571428571459,0.1428571428571459
106.0,105.0,105_106,75.0,75.0,75.0,75.0,75.0,75.0,75.0,4140.0,other,yes,0.0,0.0,0.0,0.0,0.0,0.0
105.0,106.0,105_106,72.95,61.35,60.85,63.904761904761905,65.3,66.0,66.0,4140.0,self,yes,9.045238095238098,-2.5547619047619037,-3.0547619047619037,1.395238095238092,2.095238095238095,2.095238095238095
89.0,87.0,89_87,75.0,75.0,74.15,71.0,67.8,66.0,66.0,2141.0,self,yes,4.0,4.0,3.1500000000000057,-3.200000000000003,-5.0,-5.0
87.0,89.0,89_87,69.0,69.0,69.0,69.0,69.0,69.0,69.0,2141.0,other,yes,0.0,0.0,0.0,0.0,0.0,0.0
89.0,87.0,89_87,51.0,51.0,51.0,51.0,55.1,57.9,58.0,2632.0,self,yes,0.0,0.0,0.0,4.100000000000001,6.899999999999999,7.0
87.0,89.0,89_87,69.0,69.0,69.0,69.0,69.0,69.0,69.0,2632.0,other,yes,0.0,0.0,0.0,0.0,0.0,0.0
104.0,103.0,104_103,24.0,24.0,24.0,24.0,24.0,24.0,24.0,2097.0,self,yes,0.0,0.0,0.0,0.0,0.0,0.0
103.0,104.0,104_103,75.0,74.35,58.4,38.57142857142857,17.15,15.0,15.0,2097.0,other,yes,36.42857142857143,35.778571428571425,19.82857142857143,-21.42142857142857,-23.57142857142857,-23.57142857142857
104.0,103.0,104_103,60.0,60.0,60.0,60.0,60.0,60.0,60.0,2640.0,self,yes,0.0,0.0,0.0,0.0,0.0,0.0
103.0,104.0,104_103,16.5,16.0,16.0,16.0,16.0,21.0,25.0,2640.0,other,yes,0.5,0.0,0.0,0.0,5.0,9.0
87.0,85.0,85_87,38.0,38.0,38.0,38.0,38.0,38.0,38.0,3896.0,other,no,0.0,0.0,0.0,0.0,0.0,0.0
85.0,87.0,85_87,59.65,59.75,57.45,56.64102564102564,56.0,57.8,56.05,3896.0,self,no,3.0089743589743563,3.1089743589743577,0.8089743589743605,-0.6410256410256423,1.1589743589743549,-0.5910256410256451
40.0,47.0,40_47,17.0,16.65,11.6,6.115384615384615,6.0,6.0,6.0,2610.0,self,yes,10.884615384615385,10.534615384615384,5.484615384615385,-0.11538461538461497,-0.11538461538461497,-0.11538461538461497
47.0,40.0,40_47,14.0,14.0,14.0,14.0,14.0,14.0,14.0,2610.0,other,yes,0.0,0.0,0.0,0.0,0.0,0.0
40.0,47.0,40_47,6.0,6.0,6.0,6.0,6.0,6.0,6.0,4125.0,other,yes,0.0,0.0,0.0,0.0,0.0,0.0
47.0,40.0,40_47,29.0,29.0,29.0,29.0,29.0,29.0,29.0,4125.0,self,yes,0.0,0.0,0.0,0.0,0.0,0.0
40.0,47.0,40_47,13.0,13.0,13.0,13.0,13.0,13.0,13.0,2104.0,self,yes,0.0,0.0,0.0,0.0,0.0,0.0
47.0,40.0,40_47,33.0,33.0,32.05,27.0,27.0,24.2,24.0,2104.0,other,yes,6.0,6.0,5.049999999999997,0.0,-2.8000000000000007,-3.0
40.0,47.0,40_47,9.0,9.0,9.0,9.0,9.0,9.0,9.0,3635.0,other,yes,0.0,0.0,0.0,0.0,0.0,0.0
47.0,40.0,40_47,26.0,26.0,32.4,37.0,37.0,37.0,37.0,3635.0,self,yes,-11.0,-11.0,-4.600000000000001,0.0,0.0,0.0
61.0,62.0,61_62,38.0,38.0,38.0,27.170731707317074,21.0,21.0,21.0,4079.0,self,yes,10.829268292682926,10.829268292682926,10.829268292682926,-6.170731707317074,-6.170731707317074,-6.170731707317074
62.0,61.0,61_62,61.0,61.0,61.0,61.0,61.0,61.0,61.0,4079.0,other,yes,0.0,0.0,0.0,0.0,0.0,0.0
61.0,62.0,61_62,21.0,21.0,21.0,21.0,21.0,21.0,21.0,2382.0,other,yes,0.0,0.0,0.0,0.0,0.0,0.0
62.0,61.0,61_62,61.0,61.0,61.0,61.0,61.0,61.0,61.0,2382.0,self,yes,0.0,0.0,0.0,0.0,0.0,0.0
28.0,20.0,20_28,79.0,79.0,79.0,79.0,79.0,75.8,72.0,2090.0,self,yes,0.0,0.0,0.0,0.0,-3.200000000000003,-7.0
20.0,28.0,20_28,76.15,68.4,68.0,68.0,68.0,68.4,67.7,2090.0,other,yes,8.150000000000006,0.4000000000000057,0.0,0.0,0.4000000000000057,-0.29999999999999716
90.0,85.0,85_90,7.0,7.0,7.0,7.0,7.0,7.0,7.0,2591.0,other,no,0.0,0.0,0.0,0.0,0.0,0.0
85.0,90.0,85_90,98.0,98.45,99.0,97.53846153846153,96.8,98.0,95.6,2591.0,self,no,0.461538461538467,0.9115384615384698,1.461538461538467,-0.7384615384615358,0.461538461538467,-1.9384615384615387
84.0,85.0,85_84,10.0,10.0,10.0,10.0,10.0,10.0,10.0,2309.0,other,no,0.0,0.0,0.0,0.0,0.0,0.0
85.0,84.0,85_84,30.0,30.0,30.0,30.0,28.0,25.3,24.0,2309.0,self,no,0.0,0.0,0.0,-2.0,-4.699999999999999,-6.0
84.0,85.0,85_84,10.0,10.0,10.0,10.0,10.0,10.0,10.0,3576.0,self,no,0.0,0.0,0.0,0.0,0.0,0.0
85.0,84.0,85_84,30.0,29.85,27.35,24.514285714285716,24.3,25.1,26.55,3576.0,other,no,5.485714285714284,5.335714285714285,2.8357142857142854,-0.2142857142857153,0.5857142857142854,2.0357142857142847
84.0,85.0,85_84,17.0,17.0,15.4,17.238095238095237,19.0,19.0,19.0,2086.0,other,no,-0.23809523809523725,-0.23809523809523725,-1.838095238095237,1.7619047619047628,1.7619047619047628,1.7619047619047628
85.0,84.0,85_84,54.6,55.0,55.35,55.0,55.0,55.0,55.05,2086.0,self,no,-0.3999999999999986,0.0,0.3500000000000014,0.0,0.0,0.04999999999999716
84.0,85.0,85_84,15.65,19.0,19.0,19.0,19.0,19.0,19.0,3646.0,other,yes,-3.3499999999999996,0.0,0.0,0.0,0.0,0.0
85.0,84.0,85_84,55.0,55.0,55.0,54.05555555555556,49.26315789473684,45.73684210526316,49.31578947368421,3646.0,self,yes,0.9444444444444429,0.9444444444444429,0.9444444444444429,-4.792397660818715,-8.3187134502924,-4.739766081871345
84.0,85.0,85_84,21.0,21.0,21.0,21.0,21.0,21.0,21.0,2960.0,other,no,0.0,0.0,0.0,0.0,0.0,0.0
85.0,84.0,85_84,63.9,64.1,66.7,67.53333333333333,67.65,62.0,56.15,2960.0,self,no,-3.633333333333333,-3.433333333333337,-0.8333333333333286,0.11666666666667425,-5.533333333333331,-11.383333333333333
84.0,85.0,85_84,20.0,20.0,20.0,20.0,20.0,19.25,21.5,3351.0,other,yes,0.0,0.0,0.0,0.0,-0.75,1.5
85.0,84.0,85_84,41.0,41.0,41.0,41.0,41.0,41.0,41.0,3351.0,self,yes,0.0,0.0,0.0,0.0,0.0,0.0
42.0,41.0,42_41,53.0,53.0,53.0,52.8,52.0,52.75,53.0,2565.0,other,yes,0.20000000000000284,0.20000000000000284,0.20000000000000284,-0.7999999999999972,-0.04999999999999716,0.20000000000000284
41.0,42.0,42_41,12.0,12.0,12.0,12.0,12.0,12.0,12.0,2565.0,self,yes,0.0,0.0,0.0,0.0,0.0,0.0
42.0,41.0,42_41,51.35,52.0,52.15,53.0,53.0,53.0,53.0,2914.0,self,yes,-1.6499999999999986,-1.0,-0.8500000000000014,0.0,0.0,0.0
41.0,42.0,42_41,33.0,33.0,33.0,33.0,33.0,33.0,33.0,2914.0,other,yes,0.0,0.0,0.0,0.0,0.0,0.0
11.0,5.0,11_5,61.0,61.0,61.0,61.407407407407405,63.35,65.0,65.0,2666.0,self,yes,-0.4074074074074048,-0.4074074074074048,-0.4074074074074048,1.9425925925925966,3.5925925925925952,3.5925925925925952
5.0,11.0,11_5,54.0,54.0,54.0,54.0,54.0,68.1,84.1,2666.0,other,yes,0.0,0.0,0.0,0.0,14.099999999999994,30.099999999999994
89.0,85.0,89_85,70.8,71.0,82.9,86.0,86.0,86.0,86.0,3330.0,self,yes,-15.200000000000003,-15.0,-3.0999999999999943,0.0,0.0,0.0
85.0,89.0,89_85,100.0,100.0,100.0,100.0,100.0,100.0,100.0,3330.0,other,yes,0.0,0.0,0.0,0.0,0.0,0.0
110.0,105.0,105_110,3.0,3.0,3.0,3.0,3.0,3.0,3.0,3420.0,other,yes,0.0,0.0,0.0,0.0,0.0,0.0
105.0,110.0,105_110,66.0,66.0,66.0,66.0,66.0,66.0,66.0,3420.0,self,yes,0.0,0.0,0.0,0.0,0.0,0.0
27.0,24.0,27_24,65.0,65.0,65.0,65.0,65.0,65.0,65.0,2160.0,other,yes,0.0,0.0,0.0,0.0,0.0,0.0
24.0,27.0,27_24,97.0,97.0,97.0,97.0,97.0,97.0,96.6,2160.0,self,yes,0.0,0.0,0.0,0.0,0.0,-0.4000000000000057
49.0,47.0,47_49,79.0,79.0,79.0,79.0,79.0,79.15,80.0,2090.0,self,no,0.0,0.0,0.0,0.0,0.15000000000000568,1.0
47.0,49.0,47_49,57.0,57.0,57.0,57.0,57.0,57.0,58.05,2090.0,other,no,0.0,0.0,0.0,0.0,0.0,1.0499999999999972
81.0,89.0,89_81,57.0,57.0,57.0,57.0,57.0,57.0,57.0,2781.0,self,yes,0.0,0.0,0.0,0.0,0.0,0.0
89.0,81.0,89_81,34.0,34.0,34.0,33.0,33.0,33.0,33.0,2781.0,other,yes,1.0,1.0,1.0,0.0,0.0,0.0
104.0,105.0,104_105,15.0,15.0,15.0,15.0,15.0,15.0,15.0,2065.0,self,yes,0.0,0.0,0.0,0.0,0.0,0.0
105.0,104.0,104_105,35.0,35.0,35.0,35.0,35.0,35.0,35.0,2065.0,other,yes,0.0,0.0,0.0,0.0,0.0,0.0
104.0,105.0,104_105,19.0,19.0,19.0,19.0,19.0,19.0,19.0,2928.0,other,yes,0.0,0.0,0.0,0.0,0.0,0.0
105.0,104.0,104_105,38.0,38.0,38.0,38.0,38.0,38.0,38.0,2928.0,self,yes,0.0,0.0,0.0,0.0,0.0,0.0
108.0,101.0,101_108,72.0,72.0,72.0,72.0,72.0,72.0,72.0,2244.0,other,yes,0.0,0.0,0.0,0.0,0.0,0.0
101.0,108.0,101_108,43.0,43.0,43.0,44.77272727272727,45.8,38.95,40.3,2244.0,self,yes,-1.7727272727272734,-1.7727272727272734,-1.7727272727272734,1.0272727272727238,-5.8227272727272705,-4.472727272727276
64.0,69.0,64_69,54.0,54.0,54.0,54.0,54.0,55.1,56.2,2033.0,other,yes,0.0,0.0,0.0,0.0,1.1000000000000014,2.200000000000003
69.0,64.0,64_69,69.0,69.0,69.0,68.95,69.95,72.65,76.9,2033.0,self,yes,0.04999999999999716,0.04999999999999716,0.04999999999999716,1.0,3.700000000000003,7.950000000000003
42.0,45.0,42_45,57.05,58.05,60.7,63.09090909090909,64.0,63.95,61.75,2197.0,other,yes,-6.040909090909096,-5.040909090909096,-2.3909090909090907,0.9090909090909065,0.8590909090909093,-1.3409090909090935
45.0,42.0,42_45,64.0,65.25,66.0,66.0,56.4,53.0,54.15,2197.0,self,yes,-2.0,-0.75,0.0,-9.600000000000001,-13.0,-11.850000000000001
42.0,45.0,42_45,39.95,38.4,38.0,38.0,38.0,37.2,36.2,2525.0,other,yes,1.9500000000000028,0.3999999999999986,0.0,0.0,-0.7999999999999972,-1.7999999999999972
45.0,42.0,42_45,80.0,80.0,80.0,80.0,80.0,80.0,80.0,2525.0,self,yes,0.0,0.0,0.0,0.0,0.0,0.0
42.0,44.0,42_44,46.75,47.0,46.35,43.333333333333336,42.7,42.0,42.0,2075.0,self,yes,3.4166666666666643,3.6666666666666643,3.0166666666666657,-0.6333333333333329,-1.3333333333333357,-1.3333333333333357
44.0,42.0,42_44,58.0,58.0,58.0,58.0,58.0,58.8,59.0,2075.0,other,yes,0.0,0.0,0.0,0.0,0.7999999999999972,1.0
9.0,6.0,9_6,32.0,32.0,32.0,32.0,32.0,32.0,32.0,2419.0,self,yes,0.0,0.0,0.0,0.0,0.0,0.0
6.0,9.0,9_6,80.0,80.0,80.0,80.0,80.55,82.0,82.0,2419.0,other,yes,0.0,0.0,0.0,0.5499999999999972,2.0,2.0
9.0,6.0,9_6,55.0,55.0,50.55,46.03225806451613,46.0,46.0,46.0,3120.0,self,yes,8.967741935483872,8.967741935483872,4.517741935483869,-0.032258064516128115,-0.032258064516128115,-0.032258064516128115
6.0,9.0,9_6,64.0,64.0,64.0,64.0,64.0,64.0,64.0,3120.0,other,yes,0.0,0.0,0.0,0.0,0.0,0.0
61.0,63.0,63_61,43.0,43.0,48.25,50.0,50.15,54.65,60.25,2357.0,other,yes,-7.0,-7.0,-1.75,0.14999999999999858,4.649999999999999,10.25
63.0,61.0,63_61,7.0,7.0,7.0,7.0,7.0,7.0,9.6,2357.0,self,yes,0.0,0.0,0.0,0.0,0.0,2.5999999999999996
9.0,7.0,7_9,39.75,43.0,43.0,43.0,43.0,43.0,43.0,2211.0,other,yes,-3.25,0.0,0.0,0.0,0.0,0.0
7.0,9.0,7_9,19.0,19.0,20.3,24.0,24.0,24.0,24.0,2211.0,self,yes,-5.0,-5.0,-3.6999999999999993,0.0,0.0,0.0
9.0,7.0,7_9,46.0,46.0,46.0,46.0,46.0,46.0,46.0,2356.0,other,yes,0.0,0.0,0.0,0.0,0.0,0.0
7.0,9.0,7_9,45.0,45.0,45.0,45.0,45.0,45.0,45.0,2356.0,self,yes,0.0,0.0,0.0,0.0,0.0,0.0
9.0,7.0,7_9,36.0,36.0,36.0,36.0,36.0,36.0,36.0,2747.0,self,yes,0.0,0.0,0.0,0.0,0.0,0.0
7.0,9.0,7_9,53.0,53.0,53.0,53.0,53.0,53.0,53.0,2747.0,other,yes,0.0,0.0,0.0,0.0,0.0,0.0
89.0,80.0,89_80,35.0,35.0,35.0,35.0,35.05,40.55,44.0,2107.0,self,yes,0.0,0.0,0.0,0.04999999999999716,5.549999999999997,9.0
80.0,89.0,89_80,66.0,66.0,66.0,66.0,66.0,66.0,66.0,2107.0,other,yes,0.0,0.0,0.0,0.0,0.0,0.0
89.0,80.0,89_80,50.0,50.0,48.45,45.0,47.0,47.0,47.0,2580.0,self,yes,5.0,5.0,3.450000000000003,2.0,2.0,2.0
80.0,89.0,89_80,47.15,47.0,47.0,47.0,47.0,47.0,48.9,2580.0,other,yes,0.14999999999999858,0.0,0.0,0.0,0.0,1.8999999999999986
40.0,41.0,40_41,46.0,46.0,46.0,46.0,46.0,46.0,46.0,2077.0,other,yes,0.0,0.0,0.0,0.0,0.0,0.0
41.0,40.0,40_41,4.0,4.0,4.0,4.0,4.0,4.0,4.0,2077.0,self,yes,0.0,0.0,0.0,0.0,0.0,0.0
40.0,41.0,40_41,67.0,67.0,67.0,67.0,67.0,67.0,67.0,2110.0,self,yes,0.0,0.0,0.0,0.0,0.0,0.0
41.0,40.0,40_41,35.0,35.0,35.0,35.0,36.25,38.0,38.0,2110.0,other,yes,0.0,0.0,0.0,1.25,3.0,3.0
40.0,41.0,40_41,70.0,70.0,70.0,70.0,70.0,70.0,67.9,3139.0,other,yes,0.0,0.0,0.0,0.0,0.0,-2.0999999999999943
41.0,40.0,40_41,38.0,38.0,38.0,38.0,38.0,38.0,38.0,3139.0,self,yes,0.0,0.0,0.0,0.0,0.0,0.0
40.0,41.0,40_41,32.0,32.0,32.0,32.0,32.0,32.0,32.0,2247.0,self,yes,0.0,0.0,0.0,0.0,0.0,0.0
41.0,40.0,40_41,38.0,38.0,38.0,38.0,38.0,38.0,38.0,2247.0,other,yes,0.0,0.0,0.0,0.0,0.0,0.0
70.0,61.0,61_70,75.0,75.0,75.0,75.0,75.0,75.0,75.0,3781.0,self,yes,0.0,0.0,0.0,0.0,0.0,0.0
61.0,70.0,61_70,79.0,79.0,76.4,53.486486486486484,47.05,46.0,46.0,3781.0,other,yes,25.513513513513516,25.513513513513516,22.91351351351352,-6.436486486486487,-7.486486486486484,-7.486486486486484
103.0,105.0,105_103,39.4,45.0,45.0,45.0,45.0,45.0,45.0,2426.0,self,yes,-5.600000000000001,0.0,0.0,0.0,0.0,0.0
105.0,103.0,105_103,0.0,0.0,12.2,19.0,19.0,19.0,19.0,2426.0,other,yes,-19.0,-19.0,-6.800000000000001,0.0,0.0,0.0
103.0,105.0,105_103,65.9,66.0,66.0,66.0,64.1,64.0,64.0,2085.0,self,yes,-0.09999999999999432,0.0,0.0,-1.9000000000000057,-2.0,-2.0
105.0,103.0,105_103,21.0,21.0,21.0,21.0,21.0,21.0,21.0,2085.0,other,yes,0.0,0.0,0.0,0.0,0.0,0.0
103.0,105.0,105_103,70.0,70.4,69.0,69.0,68.6,70.0,69.65,3057.0,other,yes,1.0,1.4000000000000057,0.0,-0.4000000000000057,1.0,0.6500000000000057
105.0,103.0,105_103,44.0,44.0,44.0,44.0,44.0,44.0,44.0,3057.0,self,yes,0.0,0.0,0.0,0.0,0.0,0.0
103.0,105.0,105_103,23.0,23.0,23.0,23.0,23.0,23.0,23.0,2393.0,self,no,0.0,0.0,0.0,0.0,0.0,0.0
105.0,103.0,105_103,44.0,44.0,45.8,53.958333333333336,56.0,56.0,56.0,2393.0,other,no,-9.958333333333336,-9.958333333333336,-8.158333333333339,2.0416666666666643,2.0416666666666643,2.0416666666666643
103.0,105.0,105_103,24.0,40.2,54.85,52.5,55.0,53.55,52.0,2741.0,self,yes,-28.5,-12.299999999999997,2.3500000000000014,2.5,1.0499999999999972,-0.5
105.0,103.0,105_103,18.0,18.0,18.0,18.0,18.0,18.0,18.0,2741.0,other,yes,0.0,0.0,0.0,0.0,0.0,0.0
103.0,105.0,105_103,54.95,52.1,53.0,34.02564102564103,22.65,50.65,55.15,3937.0,other,yes,20.924358974358974,18.074358974358972,18.97435897435897,-11.37564102564103,16.62435897435897,21.12435897435897
105.0,103.0,105_103,18.0,18.0,18.0,18.0,18.0,18.0,18.0,3937.0,self,yes,0.0,0.0,0.0,0.0,0.0,0.0
63.0,62.0,63_62,61.0,61.0,61.0,61.0,61.0,61.0,61.0,2278.0,self,yes,0.0,0.0,0.0,0.0,0.0,0.0
62.0,63.0,63_62,53.0,53.0,53.0,53.0,53.0,53.0,53.0,2278.0,other,yes,0.0,0.0,0.0,0.0,0.0,0.0
3.0,11.0,11_3,47.0,39.85,42.8,42.84615384615385,44.95,45.15,46.0,2507.0,self,yes,4.153846153846153,-2.9961538461538453,-0.04615384615384954,2.103846153846156,2.303846153846152,3.1538461538461533
11.0,3.0,11_3,83.0,83.0,83.0,83.0,83.0,83.0,83.0,2507.0,other,yes,0.0,0.0,0.0,0.0,0.0,0.0
3.0,10.0,3_10,42.0,42.0,53.0,58.60606060606061,58.0,58.0,57.9,3243.0,self,yes,-16.60606060606061,-16.60606060606061,-5.606060606060609,-0.6060606060606091,-0.6060606060606091,-0.7060606060606105
10.0,3.0,3_10,49.0,49.0,49.0,49.0,49.0,49.0,49.0,3243.0,other,yes,0.0,0.0,0.0,0.0,0.0,0.0
3.0,10.0,3_10,57.15,54.95,53.0,53.95454545454545,49.55,48.0,48.0,2172.0,self,yes,3.1954545454545453,0.9954545454545496,-0.9545454545454533,-4.404545454545456,-5.954545454545453,-5.954545454545453
10.0,3.0,3_10,49.0,49.0,49.65,50.0,50.0,50.0,50.0,2172.0,other,yes,-1.0,-1.0,-0.3500000000000014,0.0,0.0,0.0
102.0,105.0,105_102,63.0,63.0,63.0,63.0,63.0,63.0,63.0,2305.0,self,yes,0.0,0.0,0.0,0.0,0.0,0.0
105.0,102.0,105_102,49.0,49.0,49.0,49.0,49.36,50.0,50.0,2305.0,other,yes,0.0,0.0,0.0,0.35999999999999943,1.0,1.0
102.0,105.0,105_102,60.0,60.0,60.65,61.0,61.0,61.0,61.0,2246.0,self,yes,-1.0,-1.0,-0.3500000000000014,0.0,0.0,0.0
105.0,102.0,105_102,24.0,24.0,24.0,24.0,24.0,24.0,24.0,2246.0,other,yes,0.0,0.0,0.0,0.0,0.0,0.0
102.0,105.0,105_102,61.0,61.0,61.0,61.0,61.0,61.0,61.0,2159.0,self,yes,0.0,0.0,0.0,0.0,0.0,0.0
105.0,102.0,105_102,39.0,39.0,39.0,39.0,39.0,39.0,38.785714285714285,2159.0,other,yes,0.0,0.0,0.0,0.0,0.0,-0.2142857142857153
65.0,64.0,65_64,11.0,11.0,11.0,11.0,11.0,11.0,11.0,3410.0,other,yes,0.0,0.0,0.0,0.0,0.0,0.0
64.0,65.0,65_64,61.5,61.45,61.0,62.55882352941177,64.0,64.35,63.25,3410.0,self,yes,-1.058823529411768,-1.1088235294117652,-1.558823529411768,1.441176470588232,1.7911764705882263,0.691176470588232
65.0,64.0,65_64,27.0,27.0,27.0,27.0,27.0,27.0,27.0,2172.0,other,yes,0.0,0.0,0.0,0.0,0.0,0.0
64.0,65.0,65_64,62.0,63.35,65.0,65.36363636363636,66.0,66.0,66.0,2172.0,self,yes,-3.3636363636363598,-2.0136363636363583,-0.36363636363635976,0.6363636363636402,0.6363636363636402,0.6363636363636402
43.0,48.0,43_48,0.0,0.0,0.0,0.0,0.0,0.0,0.0,2192.0,self,yes,0.0,0.0,0.0,0.0,0.0,0.0
48.0,43.0,43_48,71.0,70.8,70.55,70.0,70.0,63.3,75.05,2192.0,other,yes,1.0,0.7999999999999972,0.5499999999999972,0.0,-6.700000000000003,5.049999999999997
43.0,48.0,43_48,78.0,78.0,78.0,78.0,78.0,78.0,78.0,2192.0,self,yes,0.0,0.0,0.0,0.0,0.0,0.0
48.0,43.0,43_48,37.7,40.8,59.0,56.59090909090909,66.3,65.25,67.55,2192.0,other,yes,-18.89090909090909,-15.790909090909096,2.4090909090909065,9.709090909090904,8.659090909090907,10.959090909090904
104.0,106.0,106_104,59.0,59.0,62.0,62.59090909090909,63.4,63.0,61.7,2265.0,other,yes,-3.5909090909090935,-3.5909090909090935,-0.5909090909090935,0.8090909090909051,0.4090909090909065,-0.8909090909090907
106.0,104.0,106_104,61.0,61.0,61.0,61.0,61.0,61.0,61.0,2265.0,self,yes,0.0,0.0,0.0,0.0,0.0,0.0
109.0,103.0,103_109,26.0,26.0,30.65,34.04347826086956,34.0,41.9,51.0,2265.0,other,yes,-8.043478260869563,-8.043478260869563,-3.393478260869564,-0.043478260869562746,7.856521739130436,16.956521739130437
103.0,109.0,103_109,39.6,40.65,41.0,41.0,41.0,41.0,41.0,2265.0,self,yes,-1.3999999999999986,-0.3500000000000014,0.0,0.0,0.0,0.0
10.0,7.0,10_7,76.0,76.0,76.0,60.85,52.45,64.4,61.15,3968.0,other,yes,15.149999999999999,15.149999999999999,15.149999999999999,-8.399999999999999,3.5500000000000043,0.29999999999999716
7.0,10.0,10_7,13.0,13.0,13.0,12.95,11.1,11.0,11.0,3968.0,self,yes,0.05000000000000071,0.05000000000000071,0.05000000000000071,-1.8499999999999996,-1.9499999999999993,-1.9499999999999993
10.0,7.0,10_7,78.0,78.0,78.0,78.0,78.0,78.0,78.0,2115.0,other,yes,0.0,0.0,0.0,0.0,0.0,0.0
7.0,10.0,10_7,14.0,14.0,14.0,14.0,14.0,14.0,14.0,2115.0,self,yes,0.0,0.0,0.0,0.0,0.0,0.0
10.0,7.0,10_7,83.0,83.0,83.0,83.0,83.0,83.85,86.2,2149.0,self,yes,0.0,0.0,0.0,0.0,0.8499999999999943,3.200000000000003
7.0,10.0,10_7,58.0,58.0,57.95,59.0,59.0,59.0,59.0,2149.0,other,yes,-1.0,-1.0,-1.0499999999999972,0.0,0.0,0.0
47.0,46.0,46_47,34.4,37.05,37.0,34.85,29.0,29.0,29.0,4034.0,self,yes,-0.45000000000000284,2.1999999999999957,2.1499999999999986,-5.850000000000001,-5.850000000000001,-5.850000000000001
46.0,47.0,46_47,47.65,49.0,49.0,49.0,49.0,49.0,46.5,4034.0,other,yes,-1.3500000000000014,0.0,0.0,0.0,0.0,-2.5
47.0,46.0,46_47,41.0,41.0,41.0,41.0,41.0,41.0,41.0,2008.0,self,yes,0.0,0.0,0.0,0.0,0.0,0.0
46.0,47.0,46_47,47.3,55.45,57.0,57.0,57.0,57.0,57.0,2008.0,other,yes,-9.700000000000003,-1.5499999999999972,0.0,0.0,0.0,0.0
22.0,21.0,21_22,72.55,75.45,75.0,75.0,75.0,73.6,73.0,2009.0,self,yes,-2.450000000000003,0.45000000000000284,0.0,0.0,-1.4000000000000057,-2.0
21.0,22.0,21_22,49.0,49.0,49.0,49.0,49.0,49.0,49.0,2009.0,other,yes,0.0,0.0,0.0,0.0,0.0,0.0
22.0,21.0,21_22,72.6,73.0,74.75,32.91428571428571,7.0,2.85,6.0,3476.0,self,yes,39.68571428571428,40.08571428571429,41.83571428571429,-25.91428571428571,-30.06428571428571,-26.91428571428571
21.0,22.0,21_22,88.0,87.65,88.0,86.85714285714286,81.35,60.5,63.25,3476.0,other,yes,1.1428571428571388,0.7928571428571445,1.1428571428571388,-5.507142857142867,-26.35714285714286,-23.60714285714286
65.0,66.0,65_66,12.0,12.0,12.0,12.0,12.0,12.0,12.0,4090.0,other,yes,0.0,0.0,0.0,0.0,0.0,0.0
66.0,65.0,65_66,73.85,74.0,74.0,74.0,74.0,74.0,72.15,4090.0,self,yes,-0.15000000000000568,0.0,0.0,0.0,0.0,-1.8499999999999943
23.0,27.0,23_27,28.0,28.0,28.0,28.0,28.0,28.0,28.0,2529.0,other,yes,0.0,0.0,0.0,0.0,0.0,0.0
27.0,23.0,23_27,57.0,57.0,57.0,57.0,57.0,57.0,57.9,2529.0,self,yes,0.0,0.0,0.0,0.0,0.0,0.8999999999999986
65.0,62.0,65_62,0.0,0.0,0.0,0.0,0.0,8.85,13.0,3119.0,self,yes,0.0,0.0,0.0,0.0,8.85,13.0
62.0,65.0,65_62,54.0,54.0,54.0,55.70967741935484,65.25,65.0,65.0,3119.0,other,yes,-1.7096774193548399,-1.7096774193548399,-1.7096774193548399,9.54032258064516,9.29032258064516,9.29032258064516
65.0,62.0,65_62,41.0,41.0,41.0,41.0,41.0,41.0,41.0,2229.0,self,yes,0.0,0.0,0.0,0.0,0.0,0.0
62.0,65.0,65_62,40.0,40.0,40.35,47.22727272727273,51.0,51.0,51.0,2229.0,other,yes,-7.227272727272727,-7.227272727272727,-6.877272727272725,3.7727272727272734,3.7727272727272734,3.7727272727272734
65.0,62.0,65_62,61.0,61.0,61.0,61.0,61.0,61.0,61.0,2249.0,other,yes,0.0,0.0,0.0,0.0,0.0,0.0
62.0,65.0,65_62,39.25,51.35,53.0,53.0,53.0,53.0,53.0,2249.0,self,yes,-13.75,-1.6499999999999986,0.0,0.0,0.0,0.0
65.0,62.0,65_62,61.0,67.7,84.3,84.0,84.0,84.0,84.0,4418.0,self,yes,-23.0,-16.299999999999997,0.29999999999999716,0.0,0.0,0.0
62.0,65.0,65_62,47.0,47.0,38.3,27.333333333333332,27.0,27.0,34.25,4418.0,other,yes,19.666666666666668,19.666666666666668,10.966666666666665,-0.33333333333333215,-0.33333333333333215,6.916666666666668
62.0,69.0,69_62,48.0,48.0,48.0,48.0,48.0,48.0,48.0,2463.0,self,yes,0.0,0.0,0.0,0.0,0.0,0.0
69.0,62.0,69_62,64.0,64.7,65.0,65.0,65.0,65.0,65.0,2463.0,other,yes,-1.0,-0.29999999999999716,0.0,0.0,0.0,0.0
62.0,69.0,69_62,50.0,50.0,50.0,50.0,50.0,50.0,50.0,2386.0,other,yes,0.0,0.0,0.0,0.0,0.0,0.0
69.0,62.0,69_62,64.95,65.0,65.0,65.56521739130434,66.0,64.3,61.7,2386.0,self,yes,-0.6152173913043413,-0.5652173913043441,-0.5652173913043441,0.4347826086956559,-1.265217391304347,-3.8652173913043413
62.0,69.0,69_62,50.0,50.0,50.0,50.0,50.0,50.0,50.0,2706.0,self,yes,0.0,0.0,0.0,0.0,0.0,0.0
69.0,62.0,69_62,65.0,65.0,65.75,66.0,62.2,62.0,62.0,2706.0,other,yes,-1.0,-1.0,-0.25,-3.799999999999997,-4.0,-4.0
62.0,69.0,69_62,50.0,50.0,50.0,50.0,49.4,42.25,42.0,3882.0,self,yes,0.0,0.0,0.0,-0.6000000000000014,-7.75,-8.0
69.0,62.0,69_62,72.0,72.0,72.0,61.84615384615385,52.05,56.2,57.0,3882.0,other,yes,10.153846153846153,10.153846153846153,10.153846153846153,-9.79615384615385,-5.646153846153844,-4.846153846153847
62.0,69.0,69_62,42.0,42.0,42.0,42.0,42.0,42.0,42.0,2289.0,self,yes,0.0,0.0,0.0,0.0,0.0,0.0
69.0,62.0,69_62,59.0,59.0,59.0,60.608695652173914,61.0,61.4,63.95,2289.0,other,yes,-1.608695652173914,-1.608695652173914,-1.608695652173914,0.39130434782608603,0.7913043478260846,3.341304347826089
62.0,69.0,69_62,42.0,42.0,42.0,42.0,45.6,51.0,51.0,3132.0,other,yes,0.0,0.0,0.0,3.6000000000000014,9.0,9.0
69.0,62.0,69_62,81.0,81.0,81.0,80.74193548387096,78.0,78.0,78.0,3132.0,self,yes,0.25806451612903913,0.25806451612903913,0.25806451612903913,-2.741935483870961,-2.741935483870961,-2.741935483870961
42.0,46.0,46_42,22.0,22.0,23.35,42.45161290322581,45.0,45.05,47.2,3170.0,self,yes,-20.451612903225808,-20.451612903225808,-19.101612903225806,2.548387096774192,2.5983870967741893,4.748387096774195
46.0,42.0,46_42,0.0,0.0,0.0,0.0,0.0,10.9,19.9,3170.0,other,yes,0.0,0.0,0.0,0.0,10.9,19.9
42.0,46.0,46_42,47.3,47.35,45.5,41.689655172413794,42.35,45.25,46.0,2863.0,other,yes,5.610344827586204,5.660344827586208,3.8103448275862064,0.6603448275862078,3.5603448275862064,4.310344827586206
46.0,42.0,46_42,19.75,20.5,21.25,22.0,22.0,22.0,25.55,2863.0,self,yes,-2.25,-1.5,-0.75,0.0,0.0,3.5500000000000007
42.0,46.0,46_42,43.6,44.0,46.3,47.369565217391305,20.0,13.0,13.0,9167.0,self,no,-3.7695652173913032,-3.3695652173913047,-1.0695652173913075,-27.369565217391305,-34.369565217391305,-34.369565217391305
46.0,42.0,46_42,35.0,35.0,34.65,33.17391304347826,33.0,32.65,33.0,9167.0,other,no,1.826086956521742,1.826086956521742,1.4760869565217405,-0.1739130434782581,-0.5239130434782595,-0.1739130434782581
42.0,46.0,46_42,21.3,23.0,23.6,26.36,25.5,25.85,25.0,2542.0,other,yes,-5.059999999999999,-3.3599999999999994,-2.759999999999998,-0.8599999999999994,-0.509999999999998,-1.3599999999999994
46.0,42.0,46_42,33.0,33.0,33.0,33.0,33.0,33.0,33.0,2542.0,self,yes,0.0,0.0,0.0,0.0,0.0,0.0
42.0,46.0,46_42,26.0,25.3,25.0,26.98507462686567,28.45,29.0,29.0,6628.0,other,yes,-0.9850746268656714,-1.6850746268656707,-1.9850746268656714,1.464925373134328,2.0149253731343286,2.0149253731343286
46.0,42.0,46_42,33.0,33.0,33.0,33.0,33.0,33.0,33.0,6628.0,self,yes,0.0,0.0,0.0,0.0,0.0,0.0
42.0,46.0,46_42,42.0,42.0,42.0,42.0,42.0,42.0,42.0,3988.0,other,yes,0.0,0.0,0.0,0.0,0.0,0.0
46.0,42.0,46_42,53.0,53.0,53.0,53.0,53.0,53.0,53.0,3988.0,self,yes,0.0,0.0,0.0,0.0,0.0,0.0
81.0,86.0,81_86,100.0,100.0,100.0,100.0,100.0,100.0,100.0,2816.0,other,yes,0.0,0.0,0.0,0.0,0.0,0.0
86.0,81.0,81_86,87.0,87.0,87.0,87.0,87.0,87.0,87.0,2816.0,self,yes,0.0,0.0,0.0,0.0,0.0,0.0
106.0,103.0,106_103,57.0,57.0,57.0,57.0,50.6,35.0,35.0,2372.0,self,yes,0.0,0.0,0.0,-6.399999999999999,-22.0,-22.0
103.0,106.0,106_103,39.65,45.0,45.0,45.0,47.15,50.2,54.4,2372.0,other,yes,-5.350000000000001,0.0,0.0,2.1499999999999986,5.200000000000003,9.399999999999999
106.0,103.0,106_103,35.0,35.0,35.0,35.0,35.0,35.0,35.0,2726.0,other,yes,0.0,0.0,0.0,0.0,0.0,0.0
103.0,106.0,106_103,71.3,70.0,70.0,70.0,70.0,70.0,70.0,2726.0,self,yes,1.2999999999999972,0.0,0.0,0.0,0.0,0.0
106.0,103.0,106_103,42.0,42.0,42.0,42.0,42.0,42.0,42.0,3078.0,other,no,0.0,0.0,0.0,0.0,0.0,0.0
103.0,106.0,106_103,76.0,84.6,69.6,69.0,69.0,69.0,69.0,3078.0,self,no,7.0,15.599999999999994,0.5999999999999943,0.0,0.0,0.0
106.0,103.0,106_103,42.0,42.0,42.0,42.0,42.0,42.0,42.0,2068.0,self,yes,0.0,0.0,0.0,0.0,0.0,0.0
103.0,106.0,106_103,69.0,69.0,69.0,69.0,70.6,74.0,74.0,2068.0,other,yes,0.0,0.0,0.0,1.5999999999999943,5.0,5.0
106.0,103.0,106_103,42.0,42.0,42.0,42.0,42.0,42.0,42.0,2030.0,self,yes,0.0,0.0,0.0,0.0,0.0,0.0
103.0,106.0,106_103,74.0,74.0,68.1,31.45,25.75,26.0,26.0,2030.0,other,yes,42.55,42.55,36.64999999999999,-5.699999999999999,-5.449999999999999,-5.449999999999999
48.0,46.0,48_46,14.0,14.0,14.0,14.0,14.0,14.0,14.0,2452.0,self,yes,0.0,0.0,0.0,0.0,0.0,0.0
46.0,48.0,48_46,25.0,25.0,25.0,25.0,25.0,25.0,25.0,2452.0,other,yes,0.0,0.0,0.0,0.0,0.0,0.0
9.0,11.0,9_11,41.0,41.0,41.0,41.0,41.0,41.0,41.0,2393.0,self,yes,0.0,0.0,0.0,0.0,0.0,0.0
11.0,9.0,9_11,65.0,65.0,65.0,65.0,65.0,65.0,66.0,2393.0,other,yes,0.0,0.0,0.0,0.0,0.0,1.0
44.0,46.0,44_46,39.45,39.0,38.85,38.0,38.0,38.0,38.0,3165.0,other,yes,1.4500000000000028,1.0,0.8500000000000014,0.0,0.0,0.0
46.0,44.0,44_46,8.0,8.0,8.0,8.0,8.0,8.0,8.0,3165.0,self,yes,0.0,0.0,0.0,0.0,0.0,0.0
44.0,46.0,44_46,42.0,42.0,42.0,42.0,42.0,42.0,42.0,3055.0,other,yes,0.0,0.0,0.0,0.0,0.0,0.0
46.0,44.0,44_46,38.0,39.1,42.0,42.0,42.0,42.0,42.0,3055.0,self,yes,-4.0,-2.8999999999999986,0.0,0.0,0.0,0.0
44.0,46.0,44_46,54.0,54.0,54.0,54.0,54.0,54.0,54.0,2825.0,self,yes,0.0,0.0,0.0,0.0,0.0,0.0
46.0,44.0,44_46,52.0,52.0,52.0,51.92857142857143,51.95,53.0,30.55,2825.0,other,yes,0.0714285714285694,0.0714285714285694,0.0714285714285694,0.02142857142857224,1.0714285714285694,-21.37857142857143
44.0,46.0,44_46,54.0,54.0,54.0,54.0,54.0,54.0,54.0,5647.0,other,yes,0.0,0.0,0.0,0.0,0.0,0.0
46.0,44.0,44_46,52.35,53.0,22.75,14.0,14.0,14.0,14.0,5647.0,self,yes,38.35,39.0,8.75,0.0,0.0,0.0
44.0,46.0,44_46,30.0,30.0,30.0,30.0,30.0,30.0,30.0,2279.0,self,yes,0.0,0.0,0.0,0.0,0.0,0.0
46.0,44.0,44_46,25.0,25.0,25.0,25.0,25.0,25.0,25.0,2279.0,other,yes,0.0,0.0,0.0,0.0,0.0,0.0
44.0,46.0,44_46,27.0,27.0,27.0,27.0,25.15,22.2,22.0,2064.0,other,yes,0.0,0.0,0.0,-1.8500000000000014,-4.800000000000001,-5.0
46.0,44.0,44_46,24.0,24.0,24.0,24.0,24.0,24.45,25.0,2064.0,self,yes,0.0,0.0,0.0,0.0,0.4499999999999993,1.0
106.0,101.0,106_101,49.0,49.0,49.0,49.0,49.0,49.0,49.0,4668.0,self,yes,0.0,0.0,0.0,0.0,0.0,0.0
101.0,106.0,106_101,31.0,40.3,50.0,50.0,50.0,50.0,50.0,4668.0,other,yes,-19.0,-9.700000000000003,0.0,0.0,0.0,0.0
106.0,101.0,106_101,33.0,33.0,33.0,32.833333333333336,31.2,36.45,38.0,2422.0,other,yes,0.1666666666666643,0.1666666666666643,0.1666666666666643,-1.6333333333333364,3.616666666666667,5.166666666666664
101.0,106.0,106_101,53.75,85.4,85.5,85.08,86.0,84.8,84.0,2422.0,self,yes,-31.33,0.3200000000000074,0.4200000000000017,0.9200000000000017,-0.28000000000000114,-1.0799999999999983
106.0,101.0,106_101,41.0,41.0,41.85,45.92,46.0,46.0,46.0,2529.0,self,yes,-4.920000000000002,-4.920000000000002,-4.07,0.0799999999999983,0.0799999999999983,0.0799999999999983
101.0,106.0,106_101,83.9,81.85,81.0,79.44,67.4,57.5,56.0,2529.0,other,yes,4.460000000000008,2.4099999999999966,1.5600000000000023,-12.039999999999992,-21.939999999999998,-23.439999999999998
106.0,101.0,106_101,51.0,51.0,51.0,51.0,51.0,51.0,51.0,2337.0,self,yes,0.0,0.0,0.0,0.0,0.0,0.0
101.0,106.0,106_101,43.0,54.3,54.0,54.0,54.0,54.0,53.95,2337.0,other,yes,-11.0,0.29999999999999716,0.0,0.0,0.0,-0.04999999999999716
106.0,101.0,106_101,43.0,45.0,45.0,45.0,45.0,45.0,45.0,2653.0,self,yes,-2.0,0.0,0.0,0.0,0.0,0.0
101.0,106.0,106_101,25.0,40.0,43.85,44.5,45.0,44.85,45.55,2653.0,other,yes,-19.5,-4.5,-0.6499999999999986,0.5,0.3500000000000014,1.0499999999999972
107.0,104.0,107_104,70.0,70.0,70.0,68.08,65.25,65.0,65.0,2516.0,other,yes,1.9200000000000017,1.9200000000000017,1.9200000000000017,-2.8299999999999983,-3.0799999999999983,-3.0799999999999983
104.0,107.0,107_104,97.0,97.0,97.0,97.0,97.0,97.0,97.0,2516.0,self,yes,0.0,0.0,0.0,0.0,0.0,0.0
