subID,partnerID,dyad,connection_3_before,connection_2_before,connection_1_before,connection_long_gap,connection_1_after,connection_2_after,connection_3_after,gap_length,change_in_connection_3_before,change_in_connection_2_before,change_in_connection_1_before,change_in_connection_1_after,change_in_connection_2_after,change_in_connection_3_after
8,235,8_235,31.85,31.0,29.35,24.0,22.9,20.0,20.0,2169.0,7.850000000000001,7.0,5.350000000000001,-1.1000000000000014,-4.0,-4.0
235,8,8_235,51.7,52.9,53.0,53.0,53.0,53.95,54.0,2169.0,-1.2999999999999972,-0.10000000000000142,0.0,0.0,0.9500000000000028,1.0
8,235,8_235,88.85,88.0,88.0,88.0,88.0,87.55,85.0,2009.0,0.8499999999999943,0.0,0.0,0.0,-0.45000000000000284,-3.0
235,8,8_235,61.0,61.0,60.8,60.7,62.0,62.0,62.0,2009.0,0.29999999999999716,0.29999999999999716,0.09999999999999432,1.2999999999999972,1.2999999999999972,1.2999999999999972
8,235,8_235,90.0,90.0,90.0,90.55,91.0,91.0,91.0,2026.0,-0.5499999999999972,-0.5499999999999972,-0.5499999999999972,0.45000000000000284,0.45000000000000284,0.45000000000000284
235,8,8_235,64.85,60.65,58.5,58.0,58.0,57.55,56.15,2026.0,6.849999999999994,2.6499999999999986,0.5,0.0,-0.45000000000000284,-1.8500000000000014
30,215,30_215,75.0,75.05,78.9,79.0,79.0,90.25,90.0,3072.0,-4.0,-3.950000000000003,-0.09999999999999432,0.0,11.25,11.0
215,30,30_215,91.0,91.0,91.0,91.0,91.0,91.0,91.0,3072.0,0.0,0.0,0.0,0.0,0.0,0.0
30,215,30_215,90.0,90.0,90.0,90.0,90.0,90.0,90.0,3485.0,0.0,0.0,0.0,0.0,0.0,0.0
215,30,30_215,91.0,91.0,91.0,91.0,91.0,91.0,91.0,3485.0,0.0,0.0,0.0,0.0,0.0,0.0
30,215,30_215,98.0,98.0,98.0,98.0,98.0,98.0,98.0,2321.0,0.0,0.0,0.0,0.0,0.0,0.0
215,30,30_215,96.0,96.0,96.0,96.0,96.0,96.0,96.0,2321.0,0.0,0.0,0.0,0.0,0.0,0.0
21,212,21_212,74.0,78.9,80.0,80.0,80.5,81.0,81.0,2128.0,-6.0,-1.0999999999999943,0.0,0.5,1.0,1.0
212,21,21_212,63.0,63.0,63.0,55.18181818181818,54.0,54.0,54.0,2128.0,7.81818181818182,7.81818181818182,7.81818181818182,-1.1818181818181799,-1.1818181818181799,-1.1818181818181799
11,241,11_241,52.8,60.4,56.95,56.3,55.5,56.0,57.8,2053.0,-3.5,4.100000000000001,0.6500000000000057,-0.7999999999999972,-0.29999999999999716,1.5
241,11,11_241,64.05,65.9,67.2,74.35,75.0,75.0,75.0,2053.0,-10.299999999999997,-8.449999999999989,-7.1499999999999915,0.6500000000000057,0.6500000000000057,0.6500000000000057
11,241,11_241,89.0,89.0,89.0,89.0,89.0,89.0,89.0,2420.0,0.0,0.0,0.0,0.0,0.0,0.0
241,11,11_241,67.0,67.4,67.1,64.91666666666667,57.2,50.7,50.0,2420.0,2.0833333333333286,2.4833333333333343,2.183333333333323,-7.716666666666669,-14.216666666666669,-14.916666666666671
11,241,11_241,92.0,92.0,89.65,89.0,89.0,89.0,89.0,2229.0,3.0,3.0,0.6500000000000057,0.0,0.0,0.0
241,11,11_241,38.0,38.0,39.45,49.5,52.85,53.0,53.0,2229.0,-11.5,-11.5,-10.049999999999997,3.3500000000000014,3.5,3.5
11,241,11_241,89.0,89.0,89.0,89.0,89.0,89.0,89.0,2408.0,0.0,0.0,0.0,0.0,0.0,0.0
241,11,11_241,62.55,60.6,60.0,58.25,55.0,55.0,60.05,2408.0,4.299999999999997,2.3500000000000014,1.75,-3.25,-3.25,1.7999999999999972
11,241,11_241,89.0,89.0,89.0,89.0,89.0,89.0,89.0,2370.0,0.0,0.0,0.0,0.0,0.0,0.0
241,11,11_241,26.0,26.0,26.0,26.0,26.75,27.0,27.0,2370.0,0.0,0.0,0.0,0.75,1.0,1.0
11,241,11_241,93.0,93.0,93.0,93.0,93.0,93.0,93.0,2124.0,0.0,0.0,0.0,0.0,0.0,0.0
241,11,11_241,49.05,53.6,56.75,62.59090909090909,64.0,64.0,64.05,2124.0,-13.540909090909096,-8.990909090909092,-5.8409090909090935,1.4090909090909065,1.4090909090909065,1.4590909090909037
11,241,11_241,91.0,91.0,91.0,91.0,91.0,91.0,91.0,2067.0,0.0,0.0,0.0,0.0,0.0,0.0
241,11,11_241,67.0,67.0,67.0,64.5,62.55,61.0,61.0,2067.0,2.5,2.5,2.5,-1.9500000000000028,-3.5,-3.5
11,241,11_241,91.0,91.0,91.0,91.0,91.0,91.0,91.0,2286.0,0.0,0.0,0.0,0.0,0.0,0.0
241,11,11_241,61.0,61.0,61.0,61.0,60.45,60.0,60.0,2286.0,0.0,0.0,0.0,-0.5499999999999972,-1.0,-1.0
86,251,86_251,82.0,79.95,76.95,72.58823529411765,72.0,72.0,72.0,3372.0,9.411764705882348,7.361764705882351,4.361764705882351,-0.5882352941176521,-0.5882352941176521,-0.5882352941176521
251,86,86_251,100.0,100.0,100.0,100.0,100.0,100.0,100.0,3372.0,0.0,0.0,0.0,0.0,0.0,0.0
86,251,86_251,90.0,90.0,90.0,90.0,90.0,90.0,90.0,2014.0,0.0,0.0,0.0,0.0,0.0,0.0
251,86,86_251,100.0,100.0,100.0,98.28571428571429,45.25,47.65,55.5,2014.0,1.7142857142857082,1.7142857142857082,1.7142857142857082,-53.03571428571429,-50.63571428571429,-42.78571428571429
44,252,44_252,53.0,53.0,53.0,53.0,53.0,53.0,53.0,2538.0,0.0,0.0,0.0,0.0,0.0,0.0
252,44,44_252,48.0,48.0,48.0,48.0,48.0,48.0,47.45,2538.0,0.0,0.0,0.0,0.0,0.0,-0.5499999999999972
44,252,44_252,55.0,55.0,55.0,55.0,55.0,55.0,55.0,2449.0,0.0,0.0,0.0,0.0,0.0,0.0
252,44,44_252,60.8,61.0,58.9,53.0,53.0,54.85,57.45,2449.0,7.799999999999997,8.0,5.899999999999999,0.0,1.8500000000000014,4.450000000000003
44,252,44_252,60.0,60.0,60.0,60.0,60.0,60.9,61.0,2548.0,0.0,0.0,0.0,0.0,0.8999999999999986,1.0
252,44,44_252,74.0,74.0,74.0,74.0,74.0,74.0,74.0,2548.0,0.0,0.0,0.0,0.0,0.0,0.0
44,252,44_252,61.0,61.0,61.0,61.0,61.0,61.0,61.0,2747.0,0.0,0.0,0.0,0.0,0.0,0.0
252,44,44_252,71.4,64.0,68.8,69.78571428571429,68.35,68.0,68.0,2747.0,1.6142857142857139,-5.785714285714292,-0.9857142857142946,-1.4357142857142975,-1.7857142857142918,-1.7857142857142918
44,252,44_252,61.0,61.0,61.0,61.0,61.0,61.0,38.25,4528.0,0.0,0.0,0.0,0.0,0.0,-22.75
252,44,44_252,59.0,59.0,59.0,50.75555555555555,25.9,30.0,31.0,4528.0,8.244444444444447,8.244444444444447,8.244444444444447,-24.855555555555554,-20.755555555555553,-19.755555555555553
44,252,44_252,80.0,80.0,80.0,80.0,80.0,81.0,81.0,3202.0,0.0,0.0,0.0,0.0,1.0,1.0
252,44,44_252,44.0,42.21052631578947,42.0,42.0,42.4,44.85,44.75,3202.0,2.0,0.21052631578947256,0.0,0.3999999999999986,2.8500000000000014,2.75
44,252,44_252,80.0,80.0,80.0,80.14285714285714,81.0,81.0,81.0,2063.0,-0.1428571428571388,-0.1428571428571388,-0.1428571428571388,0.8571428571428612,0.8571428571428612,0.8571428571428612
252,44,44_252,42.0,42.0,42.0,42.666666666666664,45.0,44.45,43.0,2063.0,-0.6666666666666643,-0.6666666666666643,-0.6666666666666643,2.3333333333333357,1.7833333333333385,0.3333333333333357
44,252,44_252,81.0,81.0,81.0,81.2,82.0,82.0,82.0,2965.0,-0.20000000000000284,-0.20000000000000284,-0.20000000000000284,0.7999999999999972,0.7999999999999972,0.7999999999999972
252,44,44_252,46.5,48.45,49.15,46.13333333333333,43.0,42.8,39.05,2965.0,0.36666666666666714,2.31666666666667,3.0166666666666657,-3.133333333333333,-3.3333333333333357,-7.083333333333336
44,246,44_246,58.0,58.0,58.0,58.0,58.0,58.0,58.0,2165.0,0.0,0.0,0.0,0.0,0.0,0.0
246,44,44_246,26.0,26.0,23.8,18.666666666666668,18.0,18.8,19.0,2165.0,7.333333333333332,7.333333333333332,5.133333333333333,-0.6666666666666679,0.13333333333333286,0.33333333333333215
44,246,44_246,64.0,64.0,64.0,64.0,64.0,64.1,69.8,2388.0,0.0,0.0,0.0,0.0,0.09999999999999432,5.799999999999997
246,44,44_246,71.25,73.0,73.0,74.73913043478261,78.80952380952381,61.63157894736842,65.0,2388.0,-3.4891304347826093,-1.7391304347826093,-1.7391304347826093,4.070393374741201,-13.107551487414192,-9.73913043478261
44,246,44_246,70.0,70.0,70.0,70.0,70.0,70.0,70.0,2065.0,0.0,0.0,0.0,0.0,0.0,0.0
246,44,44_246,64.2,64.0,64.0,39.76190476190476,34.0,34.0,38.1,2065.0,24.438095238095244,24.23809523809524,24.23809523809524,-5.761904761904759,-5.761904761904759,-1.6619047619047578
44,246,44_246,82.0,82.0,82.0,82.0,82.0,82.0,82.0,2215.0,0.0,0.0,0.0,0.0,0.0,0.0
246,44,44_246,32.0,30.7,53.25,55.90909090909091,47.3,47.0,29.25,2215.0,-23.909090909090907,-25.209090909090907,-2.6590909090909065,-8.60909090909091,-8.909090909090907,-26.659090909090907
44,246,44_246,82.0,82.0,82.0,82.0,82.0,82.0,82.0,2400.0,0.0,0.0,0.0,0.0,0.0,0.0
246,44,44_246,97.0,97.0,97.0,97.0,97.0,97.0,87.35,2400.0,0.0,0.0,0.0,0.0,0.0,-9.650000000000006
5,228,5_228,52.0,52.0,46.473684210526315,45.0,52.578947368421055,54.0,54.0,3300.0,7.0,7.0,1.473684210526315,7.578947368421055,9.0,9.0
228,5,5_228,66.65,69.0,68.6842105263158,61.28125,65.0,56.31578947368421,60.8421052631579,3300.0,5.368750000000006,7.71875,7.402960526315795,3.71875,-4.965460526315788,-0.43914473684210265
5,228,5_228,86.0,86.0,86.0,88.90322580645162,90.0,90.0,89.1,3157.0,-2.9032258064516157,-2.9032258064516157,-2.9032258064516157,1.0967741935483843,1.0967741935483843,0.19677419354837866
228,5,5_228,93.0,92.4,92.0,90.90322580645162,82.4,84.85,85.0,3157.0,2.0967741935483843,1.49677419354839,1.0967741935483843,-8.50322580645161,-6.053225806451621,-5.903225806451616
44,253,44_253,33.0,33.0,33.0,35.6875,37.3,38.0,38.0,4852.0,-2.6875,-2.6875,-2.6875,1.6124999999999972,2.3125,2.3125
253,44,44_253,51.1,59.6,60.0,60.854166666666664,61.0,61.0,61.0,4852.0,-9.754166666666663,-1.2541666666666629,-0.8541666666666643,0.1458333333333357,0.1458333333333357,0.1458333333333357
44,253,44_253,36.0,36.0,37.6,38.0,38.0,38.0,38.0,2360.0,-2.0,-2.0,-0.3999999999999986,0.0,0.0,0.0
253,44,44_253,61.0,61.0,61.0,61.0,61.0,61.0,61.15,2360.0,0.0,0.0,0.0,0.0,0.0,0.14999999999999858
44,253,44_253,39.8,40.0,40.0,40.0,40.0,40.0,40.0,2106.0,-0.20000000000000284,0.0,0.0,0.0,0.0,0.0
253,44,44_253,61.0,61.0,61.0,61.0,61.45,61.0,61.0,2106.0,0.0,0.0,0.0,0.45000000000000284,0.0,0.0
44,253,44_253,63.0,63.0,63.0,63.0,63.0,63.0,63.0,2271.0,0.0,0.0,0.0,0.0,0.0,0.0
253,44,44_253,73.0,73.0,73.0,73.0,73.0,73.0,73.0,2271.0,0.0,0.0,0.0,0.0,0.0,0.0
44,253,44_253,63.0,63.0,63.0,65.15384615384616,67.0,67.0,67.0,2567.0,-2.1538461538461604,-2.1538461538461604,-2.1538461538461604,1.8461538461538396,1.8461538461538396,1.8461538461538396
253,44,44_253,73.0,73.0,73.0,73.0,73.0,72.25,74.9,2567.0,0.0,0.0,0.0,0.0,-0.75,1.9000000000000057
44,253,44_253,67.0,67.0,67.0,67.0,67.0,67.0,67.0,2069.0,0.0,0.0,0.0,0.0,0.0,0.0
253,44,44_253,73.0,72.95,75.0,74.25,74.0,74.0,74.0,2069.0,-1.25,-1.2999999999999972,0.75,-0.25,-0.25,-0.25
44,253,44_253,67.0,67.0,67.0,67.0,67.0,67.0,67.0,2315.0,0.0,0.0,0.0,0.0,0.0,0.0
253,44,44_253,74.0,74.0,74.0,74.0,74.0,74.0,74.0,2315.0,0.0,0.0,0.0,0.0,0.0,0.0
44,253,44_253,67.0,67.0,67.0,66.63829787234043,60.0,60.0,60.55,4780.0,0.36170212765956933,0.36170212765956933,0.36170212765956933,-6.638297872340431,-6.638297872340431,-6.0882978723404335
253,44,44_253,74.0,74.0,74.0,74.0,74.0,74.0,74.0,4780.0,0.0,0.0,0.0,0.0,0.0,0.0
44,253,44_253,71.0,71.0,71.0,71.0,71.7,72.0,72.0,2605.0,0.0,0.0,0.0,0.7000000000000028,1.0,1.0
253,44,44_253,74.0,74.0,74.0,74.0,74.0,74.0,74.0,2605.0,0.0,0.0,0.0,0.0,0.0,0.0
44,253,44_253,73.0,73.35,74.0,74.0,74.0,74.0,74.0,2050.0,-1.0,-0.6500000000000057,0.0,0.0,0.0,0.0
253,44,44_253,74.0,74.0,74.0,74.0,74.0,74.0,74.0,2050.0,0.0,0.0,0.0,0.0,0.0,0.0
44,253,44_253,74.0,74.0,74.0,74.0,74.0,74.0,74.0,3620.0,0.0,0.0,0.0,0.0,0.0,0.0
253,44,44_253,74.0,74.0,74.0,74.0,74.0,74.8,78.0,3620.0,0.0,0.0,0.0,0.0,0.7999999999999972,4.0
44,253,44_253,76.0,76.0,76.0,76.0,76.0,76.0,76.0,2343.0,0.0,0.0,0.0,0.0,0.0,0.0
253,44,44_253,78.0,78.0,78.0,78.0,78.0,78.0,78.0,2343.0,0.0,0.0,0.0,0.0,0.0,0.0
44,253,44_253,76.0,77.55,83.0,83.0,83.0,83.0,83.0,2239.0,-7.0,-5.450000000000003,0.0,0.0,0.0,0.0
253,44,44_253,78.0,78.0,78.0,78.0,78.0,78.0,78.0,2239.0,0.0,0.0,0.0,0.0,0.0,0.0
44,253,44_253,83.0,83.0,83.0,83.0,83.0,83.0,83.0,2140.0,0.0,0.0,0.0,0.0,0.0,0.0
253,44,44_253,78.0,78.0,78.0,78.0,78.0,78.0,78.0,2140.0,0.0,0.0,0.0,0.0,0.0,0.0
44,253,44_253,83.0,83.0,83.0,83.0,83.0,83.0,83.0,3005.0,0.0,0.0,0.0,0.0,0.0,0.0
253,44,44_253,78.0,78.0,78.0,78.0,78.0,78.0,78.0,3005.0,0.0,0.0,0.0,0.0,0.0,0.0
44,253,44_253,83.0,83.0,83.0,83.0,83.0,83.0,83.0,4567.0,0.0,0.0,0.0,0.0,0.0,0.0
253,44,44_253,78.0,78.0,78.0,78.0,78.0,78.0,78.0,4567.0,0.0,0.0,0.0,0.0,0.0,0.0
11,240,11_240,86.0,86.0,86.0,86.0,86.0,86.0,86.0,2035.0,0.0,0.0,0.0,0.0,0.0,0.0
240,11,11_240,93.6,94.0,94.1,95.0,95.0,95.0,95.9,2035.0,-1.4000000000000057,-1.0,-0.9000000000000057,0.0,0.0,0.9000000000000057
11,240,11_240,95.0,95.0,95.0,95.0,91.25,79.0,79.9,7773.0,0.0,0.0,0.0,-3.75,-16.0,-15.099999999999994
240,11,11_240,88.65,88.0,87.25,81.71428571428571,87.35,85.85,87.7,7773.0,6.9357142857142975,6.285714285714292,5.535714285714292,5.635714285714286,4.135714285714286,5.985714285714295
11,240,11_240,80.0,80.0,80.0,80.0,80.0,80.0,83.35,2497.0,0.0,0.0,0.0,0.0,0.0,3.3499999999999943
240,11,11_240,91.05,90.75,87.0,86.4,89.1,93.0,93.95,2497.0,4.6499999999999915,4.349999999999994,0.5999999999999943,2.6999999999999886,6.599999999999994,7.549999999999997
11,240,11_240,79.0,79.0,79.0,79.0,79.0,79.0,79.0,2180.0,0.0,0.0,0.0,0.0,0.0,0.0
240,11,11_240,83.15,82.0,82.0,82.0,82.0,82.0,81.35,2180.0,1.1500000000000057,0.0,0.0,0.0,0.0,-0.6500000000000057
11,240,11_240,80.0,80.0,80.0,80.0,80.0,80.0,80.0,2354.0,0.0,0.0,0.0,0.0,0.0,0.0
240,11,11_240,91.15,91.0,91.0,89.25,89.0,89.0,89.0,2354.0,1.9000000000000057,1.75,1.75,-0.25,-0.25,-0.25
101,204,101_204,76.0,78.0,79.0,77.42105263157895,76.2,77.0,77.0,3829.0,-1.4210526315789451,0.5789473684210549,1.5789473684210549,-1.2210526315789423,-0.4210526315789451,-0.4210526315789451
204,101,101_204,13.15,25.65,41.85,43.0,43.0,43.0,43.0,3829.0,-29.85,-17.35,-1.1499999999999986,0.0,0.0,0.0
101,204,101_204,91.05,91.0,90.85,83.47619047619048,81.0,81.0,81.0,2164.0,7.5738095238095156,7.523809523809518,7.373809523809513,-2.4761904761904816,-2.4761904761904816,-2.4761904761904816
204,101,101_204,69.0,69.0,69.0,69.0,69.0,69.0,70.0,2164.0,0.0,0.0,0.0,0.0,0.0,1.0
21,213,21_213,66.0,66.65,70.0,70.0,72.55,73.0,73.0,2603.0,-4.0,-3.3499999999999943,0.0,2.549999999999997,3.0,3.0
213,21,21_213,50.0,53.75,68.95,69.0,69.0,69.0,69.0,2603.0,-19.0,-15.25,-0.04999999999999716,0.0,0.0,0.0
29,238,29_238,75.45,77.0,77.0,77.0,77.0,77.0,77.0,2921.0,-1.5499999999999972,0.0,0.0,0.0,0.0,0.0
238,29,29_238,52.8,57.0,57.0,57.0,57.0,57.0,57.0,2921.0,-4.200000000000003,0.0,0.0,0.0,0.0,0.0
29,238,29_238,77.0,80.05,81.0,80.69565217391305,80.0,80.0,80.0,2315.0,-3.6956521739130466,-0.6456521739130494,0.30434782608695343,-0.6956521739130466,-0.6956521739130466,-0.6956521739130466
238,29,29_238,57.0,57.0,57.0,60.69565217391305,68.0,68.0,68.0,2315.0,-3.6956521739130466,-3.6956521739130466,-3.6956521739130466,7.304347826086953,7.304347826086953,7.304347826086953
29,238,29_238,83.0,83.75,85.0,85.0,85.0,85.0,85.0,2414.0,-2.0,-1.25,0.0,0.0,0.0,0.0
238,29,29_238,80.0,80.0,80.0,80.0,80.0,80.0,80.0,2414.0,0.0,0.0,0.0,0.0,0.0,0.0
25,208,25_208,72.0,72.0,72.95,84.92,85.0,85.0,85.0,2445.0,-12.920000000000002,-12.920000000000002,-11.969999999999999,0.0799999999999983,0.0799999999999983,0.0799999999999983
208,25,25_208,84.0,84.0,84.0,84.0,84.0,84.0,84.0,2445.0,0.0,0.0,0.0,0.0,0.0,0.0
25,208,25_208,58.75,73.0,73.0,73.0,73.0,73.0,73.0,2031.0,-14.25,0.0,0.0,0.0,0.0,0.0
208,25,25_208,79.0,79.0,79.0,79.0,79.0,79.0,79.0,2031.0,0.0,0.0,0.0,0.0,0.0,0.0
25,209,25_209,90.0,90.0,90.0,90.0,90.0,90.0,90.0,2956.0,0.0,0.0,0.0,0.0,0.0,0.0
209,25,25_209,80.0,80.0,80.0,80.0,80.0,80.0,79.3,2956.0,0.0,0.0,0.0,0.0,0.0,-0.7000000000000028
25,209,25_209,90.0,90.0,90.0,90.0,90.0,90.0,90.0,3706.0,0.0,0.0,0.0,0.0,0.0,0.0
209,25,25_209,81.0,81.0,81.0,80.8108108108108,80.95,80.0,80.0,3706.0,0.18918918918919303,0.18918918918919303,0.18918918918919303,0.13918918918919587,-0.810810810810807,-0.810810810810807
107,234,107_234,85.0,85.0,86.15,89.0,89.0,89.85,91.45,2472.0,-4.0,-4.0,-2.8499999999999943,0.0,0.8499999999999943,2.450000000000003
234,107,107_234,59.0,59.0,58.9,54.5,50.05,37.9,33.0,2472.0,4.5,4.5,4.399999999999999,-4.450000000000003,-16.6,-21.5
107,234,107_234,96.0,96.0,96.0,96.0,96.0,96.0,97.2,2248.0,0.0,0.0,0.0,0.0,0.0,1.2000000000000028
234,107,107_234,26.0,26.0,26.0,34.45454545454545,71.45,73.0,73.0,2248.0,-8.454545454545453,-8.454545454545453,-8.454545454545453,36.99545454545455,38.54545454545455,38.54545454545455
107,234,107_234,96.0,96.0,96.0,96.39473684210526,99.0,99.0,99.0,3862.0,-0.39473684210526017,-0.39473684210526017,-0.39473684210526017,2.60526315789474,2.60526315789474,2.60526315789474
234,107,107_234,26.0,33.55,70.85,73.0,73.0,73.0,73.0,3862.0,-47.0,-39.45,-2.1500000000000057,0.0,0.0,0.0
107,234,107_234,89.75,90.5,91.9,93.0,93.0,93.7,95.2,2182.0,-3.25,-2.5,-1.0999999999999943,0.0,0.7000000000000028,2.200000000000003
234,107,107_234,54.0,54.0,54.0,54.0,54.0,54.0,54.0,2182.0,0.0,0.0,0.0,0.0,0.0,0.0
107,234,107_234,94.0,94.0,94.0,97.90322580645162,99.75,99.0,97.95,3139.0,-3.9032258064516157,-3.9032258064516157,-3.9032258064516157,1.8467741935483843,1.0967741935483843,0.04677419354838719
234,107,107_234,68.5,73.0,73.0,73.0,73.0,73.0,73.0,3139.0,-4.5,0.0,0.0,0.0,0.0,0.0
107,234,107_234,89.6,89.0,90.75,90.37931034482759,93.2,98.55,99.5,2951.0,-0.7793103448275929,-1.3793103448275872,0.3706896551724128,2.8206896551724157,8.17068965517241,9.120689655172413
234,107,107_234,100.0,100.0,100.0,100.0,100.0,100.0,100.0,2951.0,0.0,0.0,0.0,0.0,0.0,0.0
4,258,4_258,52.5,57.6,59.15,61.31818181818182,75.15,82.0,82.85,2159.0,-8.81818181818182,-3.7181818181818187,-2.1681818181818215,13.831818181818186,20.68181818181818,21.531818181818174
258,4,4_258,67.0,67.0,67.45,75.95454545454545,76.0,76.0,76.0,2159.0,-8.954545454545453,-8.954545454545453,-8.50454545454545,0.045454545454546746,0.045454545454546746,0.045454545454546746
4,265,4_265,91.0,92.4,94.6,95.64285714285714,89.05,82.45,75.1,2858.0,-4.642857142857139,-3.242857142857133,-1.0428571428571445,-6.592857142857142,-13.192857142857136,-20.542857142857144
265,4,4_265,61.0,61.0,61.0,61.0,61.0,61.0,61.0,2858.0,0.0,0.0,0.0,0.0,0.0,0.0
4,265,4_265,99.0,99.6,96.3,93.45454545454545,91.0,95.65,96.0,2256.0,5.545454545454547,6.145454545454541,2.845454545454544,-2.4545454545454533,2.1954545454545524,2.5454545454545467
265,4,4_265,63.0,63.0,63.0,63.0,67.85,69.0,69.0,2256.0,0.0,0.0,0.0,4.849999999999994,6.0,6.0
4,265,4_265,23.9,31.8,37.5,43.12,47.75,54.4,55.8,2462.0,-19.22,-11.319999999999997,-5.619999999999997,4.630000000000003,11.280000000000001,12.68
265,4,4_265,56.0,56.0,56.0,56.0,56.35,57.0,57.0,2462.0,0.0,0.0,0.0,0.3500000000000014,1.0,1.0
8,243,8_243,27.25,42.0,37.5,35.11538461538461,42.6,41.75,35.0,2533.0,-7.865384615384613,6.884615384615387,2.384615384615387,7.484615384615388,6.634615384615387,-0.1153846153846132
243,8,8_243,50.0,50.0,50.35,48.42307692307692,48.0,48.0,48.65,2533.0,1.5769230769230802,1.5769230769230802,1.9269230769230816,-0.4230769230769198,-0.4230769230769198,0.22692307692307878
8,243,8_243,35.0,35.0,35.0,21.28,28.05,31.3,42.25,2516.0,13.719999999999999,13.719999999999999,13.719999999999999,6.77,10.02,20.97
243,8,8_243,51.0,51.0,51.0,51.0,51.65,53.0,53.0,2516.0,0.0,0.0,0.0,0.6499999999999986,2.0,2.0
8,243,8_243,71.0,67.3,58.1,87.1086956521739,51.1,18.05,33.15,4623.0,-16.108695652173907,-19.80869565217391,-29.008695652173905,-36.008695652173905,-69.05869565217391,-53.95869565217391
243,8,8_243,54.0,54.0,55.75,61.19565217391305,64.55,65.0,65.0,4623.0,-7.195652173913047,-7.195652173913047,-5.445652173913047,3.3543478260869506,3.8043478260869534,3.8043478260869534
8,243,8_243,91.0,93.35,94.0,79.76190476190476,0.0,27.5,40.9,2157.0,11.23809523809524,13.588095238095235,14.23809523809524,-79.76190476190476,-52.26190476190476,-38.86190476190476
243,8,8_243,98.0,98.0,98.0,98.0,98.0,98.0,98.0,2157.0,0.0,0.0,0.0,0.0,0.0,0.0
8,243,8_243,65.0,71.9,81.6,85.77083333333333,89.2,90.0,58.75,4758.0,-20.77083333333333,-13.870833333333323,-4.170833333333334,3.4291666666666742,4.229166666666671,-27.02083333333333
243,8,8_243,99.0,99.0,99.0,99.22916666666667,100.0,100.0,100.0,4758.0,-0.2291666666666714,-0.2291666666666714,-0.2291666666666714,0.7708333333333286,0.7708333333333286,0.7708333333333286
8,243,8_243,82.0,84.73684210526316,90.21052631578948,89.58620689655173,59.8,59.35,42.0,2919.0,-7.5862068965517295,-4.849364791288565,0.6243194192377501,-29.786206896551732,-30.236206896551728,-47.58620689655173
243,8,8_243,99.0,99.0,99.9,100.0,100.0,99.25,99.0,2919.0,-1.0,-1.0,-0.09999999999999432,0.0,-0.75,-1.0
8,243,8_243,65.0,65.55,66.0,62.85,54.4,58.0,58.0,2036.0,2.1499999999999986,2.6999999999999957,3.1499999999999986,-8.450000000000003,-4.850000000000001,-4.850000000000001
243,8,8_243,99.0,99.0,99.0,99.0,99.0,99.0,99.0,2036.0,0.0,0.0,0.0,0.0,0.0,0.0
8,243,8_243,83.8,83.0,83.0,83.0,83.0,83.0,83.0,2171.0,0.7999999999999972,0.0,0.0,0.0,0.0,0.0
243,8,8_243,99.0,99.0,99.0,99.0,99.0,99.0,99.0,2171.0,0.0,0.0,0.0,0.0,0.0,0.0
86,227,86_227,65.0,65.0,65.0,65.58064516129032,66.0,66.0,66.0,3074.0,-0.5806451612903203,-0.5806451612903203,-0.5806451612903203,0.4193548387096797,0.4193548387096797,0.4193548387096797
227,86,86_227,48.0,51.4,61.75,63.45161290322581,57.55,50.0,55.85,3074.0,-15.451612903225808,-12.05161290322581,-1.7016129032258078,-5.901612903225811,-13.451612903225808,-7.601612903225806
8,244,8_244,99.0,99.0,99.0,99.0,99.0,99.0,99.0,3998.0,0.0,0.0,0.0,0.0,0.0,0.0
244,8,8_244,92.0,92.0,92.0,93.15,96.75,97.0,97.0,3998.0,-1.1500000000000057,-1.1500000000000057,-1.1500000000000057,3.5999999999999943,3.8499999999999943,3.8499999999999943
8,244,8_244,99.0,99.0,99.0,99.0,99.0,99.0,99.0,2398.0,0.0,0.0,0.0,0.0,0.0,0.0
244,8,8_244,97.0,97.0,97.0,97.0,82.9,74.15,77.0,2398.0,0.0,0.0,0.0,-14.099999999999994,-22.849999999999994,-20.0
85,256,85_256,97.0,97.2,98.25,98.0,98.0,98.0,98.0,2042.0,-1.0,-0.7999999999999972,0.25,0.0,0.0,0.0
256,85,85_256,51.0,51.0,51.2,54.75,56.0,56.0,56.15,2042.0,-3.75,-3.75,-3.549999999999997,1.25,1.25,1.3999999999999986
85,256,85_256,92.95,81.95,88.55,90.0,90.0,90.6,94.75,2035.0,2.950000000000003,-8.049999999999997,-1.4500000000000028,0.0,0.5999999999999943,4.75
256,85,85_256,55.0,55.35,58.95,59.80952380952381,60.55,61.0,61.25,2035.0,-4.80952380952381,-4.459523809523809,-0.8595238095238074,0.740476190476187,1.1904761904761898,1.4404761904761898
85,256,85_256,99.0,98.55,97.8,98.0,98.6,98.65,98.5,3180.0,1.0,0.5499999999999972,-0.20000000000000284,0.5999999999999943,0.6500000000000057,0.5
256,85,85_256,94.0,94.0,93.65,82.5,65.1,65.0,65.5,3180.0,11.5,11.5,11.150000000000006,-17.400000000000006,-17.5,-17.0
85,256,85_256,100.0,100.0,100.0,100.0,100.0,100.0,100.0,2068.0,0.0,0.0,0.0,0.0,0.0,0.0
256,85,85_256,72.0,71.5,71.5,72.0,72.0,71.65,71.0,2068.0,0.0,-0.5,-0.5,0.0,-0.3499999999999943,-1.0
85,256,85_256,86.5,76.75,80.45,88.48571428571428,91.0,91.85,93.0,3526.0,-1.9857142857142804,-11.73571428571428,-8.035714285714278,2.5142857142857196,3.364285714285714,4.51428571428572
256,85,85_256,75.5,75.35,76.75,80.54285714285714,71.95,76.0,74.2,3526.0,-5.0428571428571445,-5.19285714285715,-3.7928571428571445,-8.592857142857142,-4.5428571428571445,-6.342857142857142
85,256,85_256,95.0,95.25,91.2,73.97435897435898,55.7,55.95,58.3,3904.0,21.025641025641022,21.275641025641022,17.225641025641025,-18.274358974358975,-18.024358974358975,-15.67435897435898
256,85,85_256,79.0,79.0,79.0,79.0,79.0,79.0,79.0,3904.0,0.0,0.0,0.0,0.0,0.0,0.0
50,229,50_229,75.0,75.0,75.0,75.0,75.0,75.0,75.0,4354.0,0.0,0.0,0.0,0.0,0.0,0.0
229,50,50_229,0.0,0.0,0.0,0.0,0.0,0.0,0.0,4354.0,0.0,0.0,0.0,0.0,0.0,0.0
50,229,50_229,75.0,75.0,75.0,75.0,75.0,75.0,75.0,3798.0,0.0,0.0,0.0,0.0,0.0,0.0
229,50,50_229,0.0,0.0,0.0,0.0,0.0,0.0,0.0,3798.0,0.0,0.0,0.0,0.0,0.0,0.0
50,229,50_229,99.0,99.0,99.0,99.0,99.0,99.0,99.0,2118.0,0.0,0.0,0.0,0.0,0.0,0.0
229,50,50_229,50.0,50.0,50.0,50.0,50.0,50.55,49.55,2118.0,0.0,0.0,0.0,0.0,0.5499999999999972,-0.45000000000000284
50,229,50_229,99.0,99.0,99.0,99.0,99.0,99.0,99.0,3106.0,0.0,0.0,0.0,0.0,0.0,0.0
229,50,50_229,49.0,49.0,49.0,49.0,49.0,49.0,48.65,3106.0,0.0,0.0,0.0,0.0,0.0,-0.3500000000000014
107,233,107_233,100.0,100.0,100.0,100.0,100.0,95.65,92.4,3017.0,0.0,0.0,0.0,0.0,-4.349999999999994,-7.599999999999994
233,107,107_233,84.0,84.0,84.0,84.0,84.0,84.0,84.0,3017.0,0.0,0.0,0.0,0.0,0.0,0.0
67,210,67_210,74.0,74.0,74.0,77.125,65.7,62.9,66.45,2379.0,-3.125,-3.125,-3.125,-11.424999999999997,-14.225000000000001,-10.674999999999997
210,67,67_210,58.10526315789474,60.0,60.0,60.0,60.0,60.0,60.0,2379.0,-1.8947368421052602,0.0,0.0,0.0,0.0,0.0
67,210,67_210,57.78947368421053,58.0,60.36842105263158,74.10526315789474,83.8,71.75,65.4,3889.0,-16.315789473684212,-16.10526315789474,-13.736842105263158,9.694736842105257,-2.35526315789474,-8.705263157894734
210,67,67_210,45.7,42.05,59.9,63.0,62.6,51.3,51.0,3889.0,-17.299999999999997,-20.950000000000003,-3.1000000000000014,-0.3999999999999986,-11.700000000000003,-12.0
63,218,63_218,72.6,68.0,69.0,69.0909090909091,75.3,76.0,76.0,2162.0,3.509090909090901,-1.0909090909090935,-0.09090909090909349,6.209090909090904,6.9090909090909065,6.9090909090909065
218,63,63_218,98.45,99.85,100.0,100.0,100.0,100.0,100.0,2162.0,-1.5499999999999972,-0.15000000000000568,0.0,0.0,0.0,0.0
63,224,63_224,85.0,84.2,84.0,85.9,91.95,97.4,97.0,2056.0,-0.9000000000000057,-1.7000000000000028,-1.9000000000000057,6.049999999999997,11.5,11.099999999999994
224,63,63_224,90.25,91.0,91.0,94.05,100.0,100.0,100.0,2056.0,-3.799999999999997,-3.049999999999997,-3.049999999999997,5.950000000000003,5.950000000000003,5.950000000000003
63,224,63_224,81.15,81.0,81.05,85.95652173913044,87.0,84.9,81.6,2245.0,-4.806521739130432,-4.956521739130437,-4.90652173913044,1.0434782608695627,-1.0565217391304316,-4.356521739130443
224,63,63_224,94.0,94.0,94.0,94.0,95.0,95.0,95.0,2245.0,0.0,0.0,0.0,1.0,1.0,1.0
63,224,63_224,81.75,82.05,88.0,90.88,91.0,91.0,91.0,2479.0,-9.129999999999995,-8.829999999999998,-2.8799999999999955,0.12000000000000455,0.12000000000000455,0.12000000000000455
224,63,63_224,95.0,95.0,95.0,95.0,95.0,95.0,95.0,2479.0,0.0,0.0,0.0,0.0,0.0,0.0
63,224,63_224,91.0,91.3,84.8,94.0,93.45,93.0,93.0,2210.0,-3.0,-2.700000000000003,-9.200000000000003,-0.5499999999999972,-1.0,-1.0
224,63,63_224,95.1,97.9,98.0,98.0,98.0,98.0,98.0,2210.0,-2.9000000000000057,-0.09999999999999432,0.0,0.0,0.0,0.0
63,224,63_224,81.0,82.5,85.0,87.88888888888889,95.0,94.3,94.2,2711.0,-6.888888888888886,-5.388888888888886,-2.8888888888888857,7.111111111111114,6.411111111111111,6.311111111111117
224,63,63_224,100.0,100.0,100.0,100.0,100.0,100.0,100.0,2711.0,0.0,0.0,0.0,0.0,0.0,0.0
63,224,63_224,78.0,78.0,78.0,83.92857142857143,85.0,85.0,86.3,2748.0,-5.928571428571431,-5.928571428571431,-5.928571428571431,1.0714285714285694,1.0714285714285694,2.3714285714285666
224,63,63_224,100.0,100.0,100.0,100.0,100.0,100.0,100.0,2748.0,0.0,0.0,0.0,0.0,0.0,0.0
63,224,63_224,85.0,85.0,85.0,95.38709677419355,100.0,100.0,100.0,3155.0,-10.387096774193552,-10.387096774193552,-10.387096774193552,4.612903225806448,4.612903225806448,4.612903225806448
224,63,63_224,100.0,100.0,100.0,100.0,100.0,100.0,100.0,3155.0,0.0,0.0,0.0,0.0,0.0,0.0
85,255,85_255,89.0,89.0,89.0,89.0,89.0,89.0,89.0,2268.0,0.0,0.0,0.0,0.0,0.0,0.0
255,85,85_255,71.0,71.45,70.35,70.0,70.1,71.0,71.0,2268.0,1.0,1.4500000000000028,0.3499999999999943,0.09999999999999432,1.0,1.0
85,255,85_255,91.3,92.2,90.3,90.75,83.15,76.85,71.7,2007.0,0.5499999999999972,1.4500000000000028,-0.45000000000000284,-7.599999999999994,-13.900000000000006,-19.049999999999997
255,85,85_255,69.0,69.4,68.45,62.9,63.473684210526315,79.57142857142857,79.0,2007.0,6.100000000000001,6.500000000000007,5.550000000000004,0.5736842105263165,16.67142857142857,16.1
85,255,85_255,64.1,61.35,58.75,58.130434782608695,43.0,47.35,55.0,2299.0,5.969565217391299,3.219565217391306,0.6195652173913047,-15.130434782608695,-10.780434782608694,-3.1304347826086953
255,85,85_255,64.0,64.0,64.0,67.75,69.0,69.0,69.0,2299.0,-3.75,-3.75,-3.75,1.25,1.25,1.25
85,255,85_255,100.0,100.0,100.0,100.0,100.0,99.7,98.8,3264.0,0.0,0.0,0.0,0.0,-0.29999999999999716,-1.2000000000000028
255,85,85_255,50.0,50.0,50.0,50.0,50.0,50.0,50.0,3264.0,0.0,0.0,0.0,0.0,0.0,0.0
85,255,85_255,82.0,82.0,82.0,82.0,82.0,70.4,69.8,2179.0,0.0,0.0,0.0,0.0,-11.599999999999994,-12.200000000000003
255,85,85_255,76.95,74.4,74.0,74.22727272727273,76.7,77.0,79.0,2179.0,2.722727272727269,0.17272727272727195,-0.22727272727273373,2.472727272727269,2.7727272727272663,4.772727272727266
67,205,67_205,95.0,95.0,95.0,95.0,95.0,95.0,95.0,2178.0,0.0,0.0,0.0,0.0,0.0,0.0
205,67,67_205,64.0,64.0,64.0,64.0,64.0,64.0,64.0,2178.0,0.0,0.0,0.0,0.0,0.0,0.0
67,205,67_205,68.7,60.8,71.8,80.36,72.55,71.0,72.5,2454.0,-11.659999999999997,-19.560000000000002,-8.560000000000002,-7.810000000000002,-9.36,-7.859999999999999
205,67,67_205,57.2,49.15,49.0,49.0,49.0,49.0,49.0,2454.0,8.200000000000003,0.14999999999999858,0.0,0.0,0.0,0.0
86,239,86_239,66.0,66.0,66.0,66.0,66.0,66.0,66.0,3616.0,0.0,0.0,0.0,0.0,0.0,0.0
239,86,86_239,79.0,81.3,85.0,85.0,85.0,85.0,85.0,3616.0,-6.0,-3.700000000000003,0.0,0.0,0.0,0.0
86,239,86_239,79.0,79.0,76.9,66.62962962962963,51.3,49.0,49.0,2687.0,12.370370370370367,12.370370370370367,10.270370370370372,-15.329629629629636,-17.629629629629633,-17.629629629629633
239,86,86_239,85.0,85.0,85.0,85.0,85.0,85.0,85.0,2687.0,0.0,0.0,0.0,0.0,0.0,0.0
86,239,86_239,49.15,49.0,49.0,46.96153846153846,43.4,43.0,43.95,2630.0,2.1884615384615387,2.03846153846154,2.03846153846154,-3.5615384615384613,-3.96153846153846,-3.011538461538457
239,86,86_239,85.0,85.0,85.0,85.0,85.0,85.0,85.0,2630.0,0.0,0.0,0.0,0.0,0.0,0.0
86,239,86_239,56.0,56.0,56.0,56.0,56.0,56.0,56.0,2311.0,0.0,0.0,0.0,0.0,0.0,0.0
239,86,86_239,85.0,85.0,85.0,85.0,85.0,87.1,88.0,2311.0,0.0,0.0,0.0,0.0,2.0999999999999943,3.0
86,239,86_239,65.0,65.0,65.0,65.0,65.0,65.0,65.0,4614.0,0.0,0.0,0.0,0.0,0.0,0.0
239,86,86_239,88.0,88.0,88.0,88.0,88.0,88.0,88.0,4614.0,0.0,0.0,0.0,0.0,0.0,0.0
86,239,86_239,65.0,65.0,70.2,81.03225806451613,81.0,81.0,81.0,6261.0,-16.032258064516128,-16.032258064516128,-10.832258064516125,-0.032258064516128115,-0.032258064516128115,-0.032258064516128115
239,86,86_239,88.0,88.0,88.0,88.0,88.0,88.0,88.0,6261.0,0.0,0.0,0.0,0.0,0.0,0.0
86,239,86_239,81.0,81.0,81.0,81.0,81.0,81.0,81.0,2094.0,0.0,0.0,0.0,0.0,0.0,0.0
239,86,86_239,88.0,88.0,88.0,88.0,88.0,88.0,88.0,2094.0,0.0,0.0,0.0,0.0,0.0,0.0
49,225,49_225,62.15,63.0,63.0,65.16666666666667,66.95,67.0,66.0,2940.0,-3.016666666666673,-2.1666666666666714,-2.1666666666666714,1.7833333333333314,1.8333333333333286,0.8333333333333286
225,49,49_225,51.0,51.0,52.55,62.92857142857143,64.04545454545455,65.0,66.15,2940.0,-11.92857142857143,-11.92857142857143,-10.378571428571433,1.1168831168831161,2.0714285714285694,3.221428571428575
49,225,49_225,90.0,90.0,89.95,91.0,91.0,91.0,91.0,2200.0,-1.0,-1.0,-1.0499999999999972,0.0,0.0,0.0
225,49,49_225,60.0,60.0,60.05,66.81818181818181,71.0,71.0,71.0,2200.0,-6.818181818181813,-6.818181818181813,-6.768181818181816,4.181818181818187,4.181818181818187,4.181818181818187
49,225,49_225,89.6,85.0,85.8,89.95652173913044,90.0,90.6,97.3,4627.0,-0.35652173913044294,-4.956521739130437,-4.15652173913044,0.043478260869562746,0.6434782608695571,7.34347826086956
225,49,49_225,97.0,97.0,97.0,97.0,94.65,80.7,79.0,4627.0,0.0,0.0,0.0,-2.3499999999999943,-16.299999999999997,-18.0
50,230,50_230,99.0,99.0,99.0,99.0,99.0,99.0,99.0,2576.0,0.0,0.0,0.0,0.0,0.0,0.0
230,50,50_230,31.0,31.0,33.4,39.42307692307692,41.55,42.0,42.2,2576.0,-8.42307692307692,-8.42307692307692,-6.023076923076921,2.1269230769230774,2.57692307692308,2.776923076923083
50,230,50_230,99.0,99.0,99.0,99.0,99.0,99.0,99.0,2167.0,0.0,0.0,0.0,0.0,0.0,0.0
230,50,50_230,70.0,70.0,70.0,71.0,71.0,71.0,71.0,2167.0,-1.0,-1.0,-1.0,0.0,0.0,0.0
29,242,29_242,64.0,64.0,65.6,68.74285714285715,69.0,74.85,77.45,3509.0,-4.742857142857147,-4.742857142857147,-3.142857142857153,0.2571428571428527,6.107142857142847,8.707142857142856
242,29,29_242,63.0,63.15,64.6,67.91428571428571,69.95,72.9,71.2,3509.0,-4.914285714285711,-4.7642857142857125,-3.3142857142857167,2.035714285714292,4.985714285714295,3.285714285714292
29,242,29_242,84.0,84.0,84.0,84.0,84.0,84.0,84.0,2410.0,0.0,0.0,0.0,0.0,0.0,0.0
242,29,29_242,81.0,81.0,81.0,81.0,81.0,81.0,80.7,2410.0,0.0,0.0,0.0,0.0,0.0,-0.29999999999999716
29,242,29_242,83.0,83.0,83.0,83.0,83.0,83.0,84.2,3235.0,0.0,0.0,0.0,0.0,0.0,1.2000000000000028
242,29,29_242,69.0,69.0,69.0,69.0,69.0,69.0,69.0,3235.0,0.0,0.0,0.0,0.0,0.0,0.0
29,242,29_242,81.0,81.0,81.0,81.0,81.0,81.0,81.0,2906.0,0.0,0.0,0.0,0.0,0.0,0.0
242,29,29_242,65.0,65.0,65.0,65.0,65.2,65.4,65.0,2906.0,0.0,0.0,0.0,0.20000000000000284,0.4000000000000057,0.0
63,217,63_217,87.0,87.95,89.25,99.18181818181819,98.7,92.45,84.7,2149.0,-12.181818181818187,-11.231818181818184,-9.931818181818187,-0.48181818181818414,-6.731818181818184,-14.481818181818184
217,63,63_217,60.35,56.0,56.5,63.81818181818182,64.0,64.0,64.0,2149.0,-3.4681818181818187,-7.81818181818182,-7.31818181818182,0.18181818181817988,0.18181818181817988,0.18181818181817988
48,236,48_236,100.0,100.0,100.0,100.0,100.0,100.0,100.0,2007.0,0.0,0.0,0.0,0.0,0.0,0.0
236,48,48_236,98.55,99.0,99.0,100.0,100.0,100.0,100.0,2007.0,-1.4500000000000028,-1.0,-1.0,0.0,0.0,0.0
49,226,49_226,79.9,79.8,80.0,80.0,80.0,80.25,81.0,2556.0,-0.09999999999999432,-0.20000000000000284,0.0,0.0,0.25,1.0
226,49,49_226,94.0,94.0,94.0,94.0,94.0,94.0,94.0,2556.0,0.0,0.0,0.0,0.0,0.0,0.0
50,231,50_231,100.0,100.0,100.0,100.0,100.0,100.0,100.0,2148.0,0.0,0.0,0.0,0.0,0.0,0.0
231,50,50_231,69.35,70.0,70.0,70.0,71.0,71.0,71.0,2148.0,-0.6500000000000057,0.0,0.0,1.0,1.0,1.0
50,231,50_231,100.0,100.0,100.0,100.0,100.0,100.0,100.0,2049.0,0.0,0.0,0.0,0.0,0.0,0.0
231,50,50_231,78.0,78.0,78.0,78.0,78.05,79.75,80.2,2049.0,0.0,0.0,0.0,0.04999999999999716,1.75,2.200000000000003
50,231,50_231,100.0,100.0,100.0,100.0,100.0,100.0,100.0,2072.0,0.0,0.0,0.0,0.0,0.0,0.0
231,50,50_231,93.0,93.0,93.0,93.0,93.0,93.0,93.0,2072.0,0.0,0.0,0.0,0.0,0.0,0.0
48,232,48_232,93.3,93.0,93.0,90.95454545454545,88.35,88.0,87.25,2218.0,2.345454545454544,2.0454545454545467,2.0454545454545467,-2.604545454545459,-2.9545454545454533,-3.7045454545454533
232,48,48_232,76.0,76.0,76.0,76.0,73.15,49.7,49.0,2218.0,0.0,0.0,0.0,-2.8499999999999943,-26.299999999999997,-27.0
48,232,48_232,95.0,95.0,95.0,97.3913043478261,100.0,100.0,100.0,2241.0,-2.391304347826093,-2.391304347826093,-2.391304347826093,2.608695652173907,2.608695652173907,2.608695652173907
232,48,48_232,54.0,54.0,54.0,54.0,55.35,56.0,56.0,2241.0,0.0,0.0,0.0,1.3500000000000014,2.0,2.0
48,232,48_232,97.4,95.15,95.0,95.0,95.0,95.0,98.2,2252.0,2.4000000000000057,0.15000000000000568,0.0,0.0,0.0,3.200000000000003
232,48,48_232,58.0,58.0,58.0,58.0,58.0,58.0,58.0,2252.0,0.0,0.0,0.0,0.0,0.0,0.0
85,261,85_261,90.0,89.8,90.85,93.0,82.0,68.85,60.85,2109.0,-3.0,-3.200000000000003,-2.1500000000000057,-11.0,-24.150000000000006,-32.15
261,85,85_261,82.0,82.0,82.0,82.0,83.2,82.15,82.0,2109.0,0.0,0.0,0.0,1.2000000000000028,0.15000000000000568,0.0
85,261,85_261,75.05,75.7,78.0,78.0,78.8,79.0,79.65,2053.0,-2.950000000000003,-2.299999999999997,0.0,0.7999999999999972,1.0,1.6500000000000057
261,85,85_261,53.95,56.0,55.8,58.714285714285715,62.75,63.4,62.95,2053.0,-4.7642857142857125,-2.7142857142857153,-2.914285714285718,4.035714285714285,4.685714285714283,4.2357142857142875
85,261,85_261,94.0,96.05,97.0,96.80952380952381,96.0,95.15,94.35,2040.0,-2.80952380952381,-0.759523809523813,0.1904761904761898,-0.8095238095238102,-1.6595238095238045,-2.459523809523816
261,85,85_261,71.0,71.0,63.8,50.23809523809524,44.0,44.0,44.0,2040.0,20.76190476190476,20.76190476190476,13.561904761904756,-6.238095238095241,-6.238095238095241,-6.238095238095241
68,262,68_262,57.0,57.0,57.0,57.0,57.0,57.0,57.0,2228.0,0.0,0.0,0.0,0.0,0.0,0.0
262,68,68_262,69.45,71.9,72.0,73.13636363636364,73.4,74.6,75.0,2228.0,-3.6863636363636374,-1.2363636363636346,-1.1363636363636402,0.26363636363636545,1.463636363636354,1.8636363636363598
5,223,5_223,75.0,75.0,75.15,76.91304347826087,77.0,77.0,77.0,2218.0,-1.9130434782608745,-1.9130434782608745,-1.7630434782608688,0.08695652173912549,0.08695652173912549,0.08695652173912549
223,5,5_223,83.0,83.0,83.0,83.0,83.0,83.0,83.0,2218.0,0.0,0.0,0.0,0.0,0.0,0.0
29,237,29_237,82.0,82.0,82.0,82.0,82.0,82.0,82.0,3126.0,0.0,0.0,0.0,0.0,0.0,0.0
237,29,29_237,65.45,59.25,55.5,53.0625,40.65,45.35,59.05,3126.0,12.387500000000003,6.1875,2.4375,-12.412500000000001,-7.712499999999999,5.987499999999997
23,254,23_254,62.0,62.0,62.0,62.0,62.0,62.0,63.85,4982.0,0.0,0.0,0.0,0.0,0.0,1.8500000000000014
254,23,23_254,88.0,68.95,34.6,71.34,98.5,98.0,98.0,4982.0,16.659999999999997,-2.3900000000000006,-36.74,27.159999999999997,26.659999999999997,26.659999999999997
23,254,23_254,70.4,78.85,80.0,80.0,80.0,80.0,80.0,2487.0,-9.599999999999994,-1.1500000000000057,0.0,0.0,0.0,0.0
254,23,23_254,95.0,95.0,95.0,95.0,66.0,59.0,53.35,2487.0,0.0,0.0,0.0,-29.0,-36.0,-41.65
23,254,23_254,84.0,84.0,84.0,84.0,84.0,84.0,84.0,2693.0,0.0,0.0,0.0,0.0,0.0,0.0
254,23,23_254,61.3,69.0,69.0,65.48148148148148,31.65,26.55,25.8,2693.0,-4.181481481481484,3.518518518518519,3.518518518518519,-33.83148148148148,-38.931481481481484,-39.681481481481484
23,254,23_254,100.0,100.0,100.0,100.0,100.0,100.0,100.0,2052.0,0.0,0.0,0.0,0.0,0.0,0.0
254,23,23_254,74.5,80.0,80.0,84.85714285714286,85.0,85.0,77.5,2052.0,-10.357142857142861,-4.857142857142861,-4.857142857142861,0.1428571428571388,0.1428571428571388,-7.357142857142861
23,254,23_254,100.0,100.0,100.0,100.0,100.0,100.0,100.0,4187.0,0.0,0.0,0.0,0.0,0.0,0.0
254,23,23_254,93.0,93.0,93.0,96.30952380952381,98.0,98.0,73.7,4187.0,-3.30952380952381,-3.30952380952381,-3.30952380952381,1.6904761904761898,1.6904761904761898,-22.609523809523807
23,254,23_254,100.0,100.0,100.0,100.0,100.0,100.0,100.0,5152.0,0.0,0.0,0.0,0.0,0.0,0.0
254,23,23_254,96.6842105263158,98.65,95.45,87.59615384615384,76.85,74.0,72.4,5152.0,9.088056680161955,11.053846153846166,7.853846153846163,-10.746153846153845,-13.59615384615384,-15.196153846153834
5,222,5_222,87.85,82.0,82.0,82.0,82.0,82.0,82.45,2265.0,5.849999999999994,0.0,0.0,0.0,0.0,0.45000000000000284
222,5,5_222,80.0,80.0,80.0,80.0,80.0,80.0,80.0,2265.0,0.0,0.0,0.0,0.0,0.0,0.0
5,222,5_222,82.0,82.0,86.9,70.0,66.0,66.0,66.0,2028.0,12.0,12.0,16.900000000000006,-4.0,-4.0,-4.0
222,5,5_222,80.0,80.0,80.0,80.0,80.0,80.0,80.0,2028.0,0.0,0.0,0.0,0.0,0.0,0.0
5,222,5_222,89.0,86.3,75.05,74.0,74.0,74.0,74.0,3308.0,15.0,12.299999999999997,1.0499999999999972,0.0,0.0,0.0
222,5,5_222,97.0,97.0,97.0,97.0,97.0,97.0,97.0,3308.0,0.0,0.0,0.0,0.0,0.0,0.0
5,222,5_222,85.0,82.5,74.2,67.42,66.0,66.0,66.0,5027.0,17.58,15.079999999999998,6.780000000000001,-1.4200000000000017,-1.4200000000000017,-1.4200000000000017
222,5,5_222,100.0,100.0,100.0,100.0,100.0,100.0,100.0,5027.0,0.0,0.0,0.0,0.0,0.0,0.0
5,222,5_222,68.0,68.0,68.85,73.63636363636364,75.0,75.0,75.0,2248.0,-5.63636363636364,-5.63636363636364,-4.786363636363646,1.3636363636363598,1.3636363636363598,1.3636363636363598
222,5,5_222,87.0,87.0,87.0,87.0,87.0,90.85,92.4,2248.0,0.0,0.0,0.0,0.0,3.8499999999999943,5.400000000000006
5,222,5_222,68.0,69.7,74.05,75.0,75.0,75.0,75.0,2298.0,-7.0,-5.299999999999997,-0.9500000000000028,0.0,0.0,0.0
222,5,5_222,87.0,87.0,87.0,87.0,93.78947368421052,85.73684210526316,70.52631578947368,2298.0,0.0,0.0,0.0,6.78947368421052,-1.2631578947368354,-16.473684210526315
5,222,5_222,78.0,78.0,78.0,78.0,78.0,78.0,87.15,2470.0,0.0,0.0,0.0,0.0,0.0,9.150000000000006
222,5,5_222,82.0,82.25,89.4,90.0,90.0,90.0,90.0,2470.0,-8.0,-7.75,-0.5999999999999943,0.0,0.0,0.0
5,222,5_222,92.15,94.0,94.0,94.0,94.0,94.0,94.0,3268.0,-1.8499999999999943,0.0,0.0,0.0,0.0,0.0
222,5,5_222,90.0,90.0,90.0,90.0,90.0,90.0,90.0,3268.0,0.0,0.0,0.0,0.0,0.0,0.0
5,222,5_222,94.0,94.0,94.0,94.0,94.0,94.0,94.0,2067.0,0.0,0.0,0.0,0.0,0.0,0.0
222,5,5_222,90.0,90.0,90.0,90.0,90.0,92.9,97.25,2067.0,0.0,0.0,0.0,0.0,2.9000000000000057,7.25
203,101,203_101,76.0,76.0,76.0,76.0,76.0,76.0,76.0,2273.0,0.0,0.0,0.0,0.0,0.0,0.0
101,203,203_101,58.95,60.5,72.1,73.0,77.5,84.9,85.05,2273.0,-14.049999999999997,-12.5,-0.9000000000000057,4.5,11.900000000000006,12.049999999999997
66,247,66_247,57.0,57.0,57.0,58.81818181818182,64.0,65.0,65.0,2175.0,-1.8181818181818201,-1.8181818181818201,-1.8181818181818201,5.18181818181818,6.18181818181818,6.18181818181818
247,66,66_247,88.0,88.0,88.0,88.0,88.0,88.0,90.75,2175.0,0.0,0.0,0.0,0.0,0.0,2.75
66,247,66_247,51.0,59.35,61.0,61.0,61.0,61.0,61.0,3735.0,-10.0,-1.6499999999999986,0.0,0.0,0.0,0.0
247,66,66_247,80.0,80.0,80.0,80.0,80.0,80.0,80.0,3735.0,0.0,0.0,0.0,0.0,0.0,0.0
66,247,66_247,65.0,65.85,68.0,72.83333333333333,75.7,75.0,75.0,2396.0,-7.833333333333329,-6.983333333333334,-4.833333333333329,2.8666666666666742,2.1666666666666714,2.1666666666666714
247,66,66_247,88.95,89.9,89.7,92.70833333333333,94.0,94.0,94.0,2396.0,-3.7583333333333258,-2.808333333333323,-3.0083333333333258,1.2916666666666714,1.2916666666666714,1.2916666666666714
66,247,66_247,75.0,75.0,75.0,75.0,75.0,75.0,75.0,2594.0,0.0,0.0,0.0,0.0,0.0,0.0
247,66,66_247,94.0,94.0,94.0,94.0,94.0,94.0,93.25,2594.0,0.0,0.0,0.0,0.0,0.0,-0.75
66,247,66_247,75.0,75.0,75.0,75.0,75.0,75.0,75.0,2516.0,0.0,0.0,0.0,0.0,0.0,0.0
247,66,66_247,94.0,94.0,94.0,93.32,93.1,93.45,92.0,2516.0,0.6800000000000068,0.6800000000000068,0.6800000000000068,-0.21999999999999886,0.13000000000000966,-1.3199999999999932
66,247,66_247,100.0,100.0,100.0,99.8780487804878,99.0,99.0,99.0,4145.0,0.1219512195121979,0.1219512195121979,0.1219512195121979,-0.8780487804878021,-0.8780487804878021,-0.8780487804878021
247,66,66_247,64.6,59.45,57.3,65.07317073170732,76.3,79.4,82.0,4145.0,-0.47317073170732726,-5.623170731707319,-7.773170731707324,11.226829268292676,14.326829268292684,16.92682926829268
66,247,66_247,88.95,86.0,86.0,86.0,86.0,86.0,86.0,5813.0,2.950000000000003,0.0,0.0,0.0,0.0,0.0
247,66,66_247,97.4,97.0,97.0,97.0,97.0,97.0,97.0,5813.0,0.4000000000000057,0.0,0.0,0.0,0.0,0.0
11,248,11_248,67.0,66.55,62.95,64.0,64.0,64.0,64.0,3771.0,3.0,2.549999999999997,-1.0499999999999972,0.0,0.0,0.0
248,11,11_248,25.0,25.0,25.0,23.842105263157894,17.7,46.65,55.0,3771.0,1.1578947368421062,1.1578947368421062,1.1578947368421062,-6.1421052631578945,22.807894736842105,31.157894736842106
11,248,11_248,58.0,58.0,58.0,58.0,58.0,58.0,58.0,2683.0,0.0,0.0,0.0,0.0,0.0,0.0
248,11,11_248,41.0,41.0,41.0,44.629629629629626,59.0,59.0,59.0,2683.0,-3.629629629629626,-3.629629629629626,-3.629629629629626,14.370370370370374,14.370370370370374,14.370370370370374
110,221,110_221,17.0,17.0,17.0,17.0,20.5,21.0,21.0,2405.0,0.0,0.0,0.0,3.5,4.0,4.0
221,110,110_221,35.0,35.0,35.0,35.0,32.65,29.0,29.0,2405.0,0.0,0.0,0.0,-2.3500000000000014,-6.0,-6.0
110,221,110_221,12.55,15.65,20.0,20.0,20.0,20.0,20.0,3914.0,-7.449999999999999,-4.35,0.0,0.0,0.0,0.0
221,110,110_221,52.0,52.0,52.0,61.94871794871795,85.0,85.0,85.0,3914.0,-9.948717948717949,-9.948717948717949,-9.948717948717949,23.05128205128205,23.05128205128205,23.05128205128205
110,221,110_221,20.0,20.0,20.0,20.0,20.0,20.0,20.0,3747.0,0.0,0.0,0.0,0.0,0.0,0.0
221,110,110_221,80.3,50.3,49.4,67.0,97.05,99.0,99.0,3747.0,13.299999999999997,-16.700000000000003,-17.6,30.049999999999997,32.0,32.0
110,221,110_221,20.0,20.0,20.0,20.0,20.0,20.0,20.0,2391.0,0.0,0.0,0.0,0.0,0.0,0.0
221,110,110_221,99.0,99.0,99.0,99.0,99.0,99.0,99.0,2391.0,0.0,0.0,0.0,0.0,0.0,0.0
110,221,110_221,20.0,20.0,25.85,26.0,26.0,26.0,26.0,4725.0,-6.0,-6.0,-0.14999999999999858,0.0,0.0,0.0
221,110,110_221,99.0,99.0,99.0,99.0,99.0,99.0,99.0,4725.0,0.0,0.0,0.0,0.0,0.0,0.0
110,221,110_221,18.0,18.0,18.0,18.0,18.0,18.0,18.0,2600.0,0.0,0.0,0.0,0.0,0.0,0.0
221,110,110_221,99.0,99.0,99.0,99.0,95.1,93.0,94.8,2600.0,0.0,0.0,0.0,-3.9000000000000057,-6.0,-4.200000000000003
110,221,110_221,20.0,20.0,20.0,20.0,20.0,17.3,17.0,5463.0,0.0,0.0,0.0,0.0,-2.6999999999999993,-3.0
221,110,110_221,99.0,99.0,99.0,99.05555555555556,100.0,100.0,100.0,5463.0,-0.055555555555557135,-0.055555555555557135,-0.055555555555557135,0.9444444444444429,0.9444444444444429,0.9444444444444429
110,221,110_221,12.0,12.0,34.0,46.61904761904762,17.0,17.0,17.0,2065.0,-34.61904761904762,-34.61904761904762,-12.61904761904762,-29.61904761904762,-29.61904761904762,-29.61904761904762
221,110,110_221,100.0,100.0,100.0,100.0,100.0,100.0,100.0,2065.0,0.0,0.0,0.0,0.0,0.0,0.0
23,257,23_257,33.0,38.1,41.0,41.0,42.25,45.0,45.5,2403.0,-8.0,-2.8999999999999986,0.0,1.25,4.0,4.5
257,23,23_257,44.0,44.0,44.0,44.0,44.0,44.0,44.0,2403.0,0.0,0.0,0.0,0.0,0.0,0.0
23,257,23_257,46.0,49.8,62.0,62.0,62.0,62.0,62.0,3637.0,-16.0,-12.200000000000003,0.0,0.0,0.0,0.0
257,23,23_257,44.0,44.0,44.0,44.0,44.0,44.0,44.0,3637.0,0.0,0.0,0.0,0.0,0.0,0.0
23,257,23_257,62.0,62.0,62.0,62.0,62.0,62.0,62.0,2017.0,0.0,0.0,0.0,0.0,0.0,0.0
257,23,23_257,44.0,44.0,44.0,44.0,44.0,44.0,44.0,2017.0,0.0,0.0,0.0,0.0,0.0,0.0
23,257,23_257,64.0,64.0,65.75,66.0,66.0,66.0,66.0,2807.0,-2.0,-2.0,-0.25,0.0,0.0,0.0
257,23,23_257,48.0,48.0,48.0,48.0,48.0,48.0,48.0,2807.0,0.0,0.0,0.0,0.0,0.0,0.0
23,257,23_257,84.0,84.0,84.0,84.0,84.0,84.0,84.0,3513.0,0.0,0.0,0.0,0.0,0.0,0.0
257,23,23_257,59.0,59.0,59.0,59.77142857142857,66.5,67.0,67.0,3513.0,-0.7714285714285722,-0.7714285714285722,-0.7714285714285722,6.728571428571428,7.228571428571428,7.228571428571428
23,257,23_257,84.0,84.0,84.0,84.0,84.0,84.0,84.0,3002.0,0.0,0.0,0.0,0.0,0.0,0.0
257,23,23_257,63.0,63.0,63.0,63.0,62.55,58.6,59.0,3002.0,0.0,0.0,0.0,-0.45000000000000284,-4.399999999999999,-4.0
23,257,23_257,84.0,84.0,84.0,84.0,84.0,84.0,84.0,3137.0,0.0,0.0,0.0,0.0,0.0,0.0
257,23,23_257,63.0,63.0,63.0,63.0,63.0,63.0,63.0,3137.0,0.0,0.0,0.0,0.0,0.0,0.0
23,257,23_257,84.0,84.0,84.0,84.0,84.0,84.0,84.0,4126.0,0.0,0.0,0.0,0.0,0.0,0.0
257,23,23_257,63.0,63.0,63.0,63.0,58.7,55.0,55.0,4126.0,0.0,0.0,0.0,-4.299999999999997,-8.0,-8.0
23,257,23_257,100.0,100.0,100.0,100.0,100.0,100.0,100.0,3126.0,0.0,0.0,0.0,0.0,0.0,0.0
257,23,23_257,69.1,71.7,71.85,72.0,72.0,72.2,76.0,3126.0,-2.9000000000000057,-0.29999999999999716,-0.15000000000000568,0.0,0.20000000000000284,4.0
110,220,110_220,80.0,80.0,80.0,80.0,80.0,80.0,80.0,2648.0,0.0,0.0,0.0,0.0,0.0,0.0
220,110,110_220,77.0,77.0,77.0,77.0,77.0,77.0,69.6,2648.0,0.0,0.0,0.0,0.0,0.0,-7.400000000000006
66,250,66_250,60.0,60.0,60.0,65.75,99.65,100.0,100.0,3632.0,-5.75,-5.75,-5.75,33.900000000000006,34.25,34.25
250,66,66_250,71.0,71.0,71.0,71.0,71.0,71.0,71.0,3632.0,0.0,0.0,0.0,0.0,0.0,0.0
66,250,66_250,66.0,66.0,66.0,72.33333333333333,75.0,75.0,75.0,2689.0,-6.333333333333329,-6.333333333333329,-6.333333333333329,2.6666666666666714,2.6666666666666714,2.6666666666666714
250,66,66_250,73.0,73.0,73.0,67.77777777777777,65.0,65.0,65.0,2689.0,5.2222222222222285,5.2222222222222285,5.2222222222222285,-2.7777777777777715,-2.7777777777777715,-2.7777777777777715
66,250,66_250,76.0,76.0,76.0,76.0,76.0,76.0,76.0,2034.0,0.0,0.0,0.0,0.0,0.0,0.0
250,66,66_250,84.0,84.0,84.0,84.0,84.0,84.0,84.0,2034.0,0.0,0.0,0.0,0.0,0.0,0.0
110,219,110_219,83.75,84.0,84.0,84.0,84.0,84.0,84.0,2141.0,-0.25,0.0,0.0,0.0,0.0,0.0
219,110,110_219,58.0,55.8,55.5,59.0,59.0,61.95,58.05,2141.0,-1.0,-3.200000000000003,-3.5,0.0,2.950000000000003,-0.9500000000000028
110,219,110_219,84.0,84.0,84.0,84.0,84.0,84.0,84.0,2990.0,0.0,0.0,0.0,0.0,0.0,0.0
219,110,110_219,79.0,79.0,79.0,79.0,78.3,78.0,79.5,2990.0,0.0,0.0,0.0,-0.7000000000000028,-1.0,0.5
110,219,110_219,81.0,81.0,81.0,81.0,81.0,81.0,81.0,2053.0,0.0,0.0,0.0,0.0,0.0,0.0
219,110,110_219,72.05,71.85,69.7,73.23809523809524,75.0,75.0,75.05,2053.0,-1.1880952380952436,-1.3880952380952465,-3.538095238095238,1.7619047619047592,1.7619047619047592,1.8119047619047564
107,259,107_259,83.0,83.0,83.0,83.84210526315789,84.35,83.95,79.45,3875.0,-0.8421052631578902,-0.8421052631578902,-0.8421052631578902,0.5078947368421041,0.10789473684211259,-4.392105263157887
259,107,107_259,68.0,68.0,68.0,68.0,68.0,68.0,68.0,3875.0,0.0,0.0,0.0,0.0,0.0,0.0
107,259,107_259,89.85,90.0,90.0,89.76666666666667,89.0,88.6,89.15,3048.0,0.0833333333333286,0.23333333333333428,0.23333333333333428,-0.7666666666666657,-1.1666666666666714,-0.61666666666666
259,107,107_259,68.0,68.0,68.0,68.0,68.0,68.0,68.0,3048.0,0.0,0.0,0.0,0.0,0.0,0.0
107,259,107_259,94.0,95.75,98.15,99.61904761904762,98.9,99.05,97.0,2127.0,-5.61904761904762,-3.8690476190476204,-1.4690476190476147,-0.7190476190476147,-0.5690476190476232,-2.6190476190476204
259,107,107_259,79.0,79.0,79.0,79.0,79.0,79.0,79.0,2127.0,0.0,0.0,0.0,0.0,0.0,0.0
107,259,107_259,93.0,93.0,91.95,94.84444444444445,96.0,96.9,97.65,4447.0,-1.8444444444444485,-1.8444444444444485,-2.8944444444444457,1.1555555555555515,2.055555555555557,2.805555555555557
259,107,107_259,83.0,83.0,83.0,83.0,83.0,83.0,86.05,4447.0,0.0,0.0,0.0,0.0,0.0,3.049999999999997
107,259,107_259,99.2,98.45,100.0,100.0,100.0,100.0,100.0,3643.0,-0.7999999999999972,-1.5499999999999972,0.0,0.0,0.0,0.0
259,107,107_259,88.0,88.0,88.0,88.0,88.0,88.0,88.0,3643.0,0.0,0.0,0.0,0.0,0.0,0.0
107,259,107_259,100.0,100.0,100.0,100.0,100.0,100.0,100.0,2291.0,0.0,0.0,0.0,0.0,0.0,0.0
259,107,107_259,98.0,98.0,98.0,98.0,98.0,98.0,98.0,2291.0,0.0,0.0,0.0,0.0,0.0,0.0
107,259,107_259,100.0,100.0,100.0,100.0,100.0,100.0,100.0,2172.0,0.0,0.0,0.0,0.0,0.0,0.0
259,107,107_259,98.0,98.0,98.0,98.0,98.0,98.0,98.0,2172.0,0.0,0.0,0.0,0.0,0.0,0.0
107,259,107_259,100.0,100.0,100.0,100.0,100.0,100.0,100.0,2864.0,0.0,0.0,0.0,0.0,0.0,0.0
259,107,107_259,92.0,92.0,92.0,92.0,92.0,92.0,92.0,2864.0,0.0,0.0,0.0,0.0,0.0,0.0
107,259,107_259,100.0,100.0,100.0,100.0,100.0,100.0,100.0,2311.0,0.0,0.0,0.0,0.0,0.0,0.0
259,107,107_259,92.0,92.0,92.0,92.0,92.0,92.0,92.0,2311.0,0.0,0.0,0.0,0.0,0.0,0.0
107,259,107_259,100.0,100.0,100.0,100.0,100.0,100.0,100.0,2609.0,0.0,0.0,0.0,0.0,0.0,0.0
259,107,107_259,92.0,92.0,92.0,92.0,92.0,92.0,92.0,2609.0,0.0,0.0,0.0,0.0,0.0,0.0
