subID,partnerID,dyad,timepoint,connection,connection_change,gap_length,condition
88,85,88_85,3_before,68.0,0.0,5539.0,strangers
85,88,88_85,3_before,63.0,0.0,5539.0,strangers
88,85,88_85,long_gap,68.0,0.0,5539.0,strangers
85,88,88_85,long_gap,47.4,-15.600000000000001,5539.0,strangers
88,85,88_85,1_before,68.0,0.0,5539.0,strangers
85,88,88_85,1_before,61.95,-1.0499999999999972,5539.0,strangers
88,85,88_85,2_before,68.0,0.0,5539.0,strangers
85,88,88_85,2_before,63.0,0.0,5539.0,strangers
88,85,88_85,1_after,68.0,0.0,5539.0,strangers
85,88,88_85,1_after,28.45,-34.55,5539.0,strangers
88,85,88_85,2_after,68.0,0.0,5539.0,strangers
85,88,88_85,2_after,31.7,-31.3,5539.0,strangers
88,85,88_85,3_after,68.0,0.0,5539.0,strangers
85,88,88_85,3_after,32.4,-30.6,5539.0,strangers
6,7,6_7,3_before,40.0,0.0,3003.0,strangers
7,6,6_7,3_before,51.0,0.0,3003.0,strangers
6,7,6_7,long_gap,40.0,0.0,3003.0,strangers
7,6,6_7,long_gap,56.8,5.799999999999997,3003.0,strangers
6,7,6_7,1_before,40.0,0.0,3003.0,strangers
7,6,6_7,1_before,51.3,0.29999999999999716,3003.0,strangers
6,7,6_7,2_before,40.0,0.0,3003.0,strangers
7,6,6_7,2_before,51.0,0.0,3003.0,strangers
6,7,6_7,1_after,40.0,0.0,3003.0,strangers
7,6,6_7,1_after,57.0,6.0,3003.0,strangers
6,7,6_7,2_after,40.0,0.0,3003.0,strangers
7,6,6_7,2_after,57.0,6.0,3003.0,strangers
6,7,6_7,3_after,40.0,0.0,3003.0,strangers
7,6,6_7,3_after,57.0,6.0,3003.0,strangers
6,7,6_7,3_before,48.0,0.0,4523.0,strangers
7,6,6_7,3_before,57.0,0.0,4523.0,strangers
6,7,6_7,long_gap,30.77777777777778,-17.22222222222222,4523.0,strangers
7,6,6_7,long_gap,57.0,0.0,4523.0,strangers
6,7,6_7,1_before,48.0,0.0,4523.0,strangers
7,6,6_7,1_before,57.0,0.0,4523.0,strangers
6,7,6_7,2_before,48.0,0.0,4523.0,strangers
7,6,6_7,2_before,57.0,0.0,4523.0,strangers
6,7,6_7,1_after,30.0,-18.0,4523.0,strangers
7,6,6_7,1_after,60.9,3.8999999999999986,4523.0,strangers
6,7,6_7,2_after,30.0,-18.0,4523.0,strangers
7,6,6_7,2_after,62.0,5.0,4523.0,strangers
6,7,6_7,3_after,30.0,-18.0,4523.0,strangers
7,6,6_7,3_after,62.0,5.0,4523.0,strangers
60,62,60_62,3_before,40.0,0.0,3082.0,strangers
62,60,60_62,3_before,50.0,0.0,3082.0,strangers
60,62,60_62,long_gap,38.96774193548387,-1.0322580645161281,3082.0,strangers
62,60,60_62,long_gap,50.0,0.0,3082.0,strangers
60,62,60_62,1_before,40.0,0.0,3082.0,strangers
62,60,60_62,1_before,50.0,0.0,3082.0,strangers
60,62,60_62,2_before,40.0,0.0,3082.0,strangers
62,60,60_62,2_before,50.0,0.0,3082.0,strangers
60,62,60_62,1_after,35.0,-5.0,3082.0,strangers
62,60,60_62,1_after,50.0,0.0,3082.0,strangers
60,62,60_62,2_after,35.0,-5.0,3082.0,strangers
62,60,60_62,2_after,50.0,0.0,3082.0,strangers
60,62,60_62,3_after,35.0,-5.0,3082.0,strangers
62,60,60_62,3_after,50.0,0.0,3082.0,strangers
41,46,41_46,3_before,27.0,0.0,3849.0,strangers
46,41,41_46,3_before,35.0,0.0,3849.0,strangers
41,46,41_46,long_gap,27.0,0.0,3849.0,strangers
46,41,41_46,long_gap,35.0,0.0,3849.0,strangers
41,46,41_46,1_before,27.0,0.0,3849.0,strangers
46,41,41_46,1_before,35.0,0.0,3849.0,strangers
41,46,41_46,2_before,27.0,0.0,3849.0,strangers
46,41,41_46,2_before,35.0,0.0,3849.0,strangers
41,46,41_46,1_after,27.0,0.0,3849.0,strangers
46,41,41_46,1_after,35.0,0.0,3849.0,strangers
41,46,41_46,2_after,27.0,0.0,3849.0,strangers
46,41,41_46,2_after,35.0,0.0,3849.0,strangers
41,46,41_46,3_after,27.0,0.0,3849.0,strangers
46,41,41_46,3_after,35.0,0.0,3849.0,strangers
102,106,102_106,3_before,62.0,0.0,3457.0,strangers
106,102,102_106,3_before,41.0,0.0,3457.0,strangers
102,106,102_106,long_gap,63.91428571428571,1.914285714285711,3457.0,strangers
106,102,102_106,long_gap,42.628571428571426,1.6285714285714263,3457.0,strangers
102,106,102_106,1_before,63.0,1.0,3457.0,strangers
106,102,102_106,1_before,41.0,0.0,3457.0,strangers
102,106,102_106,2_before,61.8,-0.20000000000000284,3457.0,strangers
106,102,102_106,2_before,41.0,0.0,3457.0,strangers
102,106,102_106,1_after,64.0,2.0,3457.0,strangers
106,102,102_106,1_after,44.0,3.0,3457.0,strangers
102,106,102_106,2_after,64.0,2.0,3457.0,strangers
106,102,102_106,2_after,44.0,3.0,3457.0,strangers
102,106,102_106,3_after,64.0,2.0,3457.0,strangers
106,102,102_106,3_after,44.0,3.0,3457.0,strangers
102,106,102_106,3_before,59.0,0.0,3199.0,strangers
106,102,102_106,3_before,46.0,0.0,3199.0,strangers
102,106,102_106,long_gap,59.0,0.0,3199.0,strangers
106,102,102_106,long_gap,46.0,0.0,3199.0,strangers
102,106,102_106,1_before,59.0,0.0,3199.0,strangers
106,102,102_106,1_before,46.0,0.0,3199.0,strangers
102,106,102_106,2_before,59.0,0.0,3199.0,strangers
106,102,102_106,2_before,46.0,0.0,3199.0,strangers
102,106,102_106,1_after,59.0,0.0,3199.0,strangers
106,102,102_106,1_after,46.0,0.0,3199.0,strangers
102,106,102_106,2_after,59.0,0.0,3199.0,strangers
106,102,102_106,2_after,46.0,0.0,3199.0,strangers
102,106,102_106,3_after,59.0,0.0,3199.0,strangers
106,102,102_106,3_after,46.0,0.0,3199.0,strangers
26,27,26_27,3_before,77.0,0.0,3310.0,strangers
27,26,26_27,3_before,67.0,0.0,3310.0,strangers
26,27,26_27,long_gap,77.0,0.0,3310.0,strangers
27,26,26_27,long_gap,67.0,0.0,3310.0,strangers
26,27,26_27,1_before,77.0,0.0,3310.0,strangers
27,26,26_27,1_before,67.0,0.0,3310.0,strangers
26,27,26_27,2_before,77.0,0.0,3310.0,strangers
27,26,26_27,2_before,67.0,0.0,3310.0,strangers
26,27,26_27,1_after,77.0,0.0,3310.0,strangers
27,26,26_27,1_after,67.0,0.0,3310.0,strangers
26,27,26_27,2_after,77.0,0.0,3310.0,strangers
27,26,26_27,2_after,67.0,0.0,3310.0,strangers
26,27,26_27,3_after,77.0,0.0,3310.0,strangers
27,26,26_27,3_after,67.0,0.0,3310.0,strangers
26,30,26_30,3_before,58.0,0.0,5029.0,strangers
30,26,26_30,3_before,24.0,0.0,5029.0,strangers
26,30,26_30,long_gap,58.0,0.0,5029.0,strangers
30,26,26_30,long_gap,24.0,0.0,5029.0,strangers
26,30,26_30,1_before,58.0,0.0,5029.0,strangers
30,26,26_30,1_before,24.0,0.0,5029.0,strangers
26,30,26_30,2_before,58.0,0.0,5029.0,strangers
30,26,26_30,2_before,24.0,0.0,5029.0,strangers
26,30,26_30,1_after,58.0,0.0,5029.0,strangers
30,26,26_30,1_after,24.0,0.0,5029.0,strangers
26,30,26_30,2_after,58.0,0.0,5029.0,strangers
30,26,26_30,2_after,24.0,0.0,5029.0,strangers
26,30,26_30,3_after,58.0,0.0,5029.0,strangers
30,26,26_30,3_after,24.0,0.0,5029.0,strangers
65,69,65_69,3_before,70.0,0.0,3540.0,strangers
69,65,65_69,3_before,85.0,0.0,3540.0,strangers
65,69,65_69,long_gap,70.0,0.0,3540.0,strangers
69,65,65_69,long_gap,90.0,5.0,3540.0,strangers
65,69,65_69,1_before,70.0,0.0,3540.0,strangers
69,65,65_69,1_before,87.1,2.0999999999999943,3540.0,strangers
65,69,65_69,2_before,70.0,0.0,3540.0,strangers
69,65,65_69,2_before,85.0,0.0,3540.0,strangers
65,69,65_69,1_after,70.0,0.0,3540.0,strangers
69,65,65_69,1_after,89.85,4.849999999999994,3540.0,strangers
65,69,65_69,2_after,70.0,0.0,3540.0,strangers
69,65,65_69,2_after,78.05,-6.950000000000003,3540.0,strangers
65,69,65_69,3_after,70.0,0.0,3540.0,strangers
69,65,65_69,3_after,68.35,-16.650000000000006,3540.0,strangers
84,81,84_81,3_before,16.0,0.0,3392.0,strangers
81,84,84_81,3_before,67.0,0.0,3392.0,strangers
84,81,84_81,long_gap,15.0,-1.0,3392.0,strangers
81,84,84_81,long_gap,67.0,0.0,3392.0,strangers
84,81,84_81,1_before,15.0,-1.0,3392.0,strangers
81,84,84_81,1_before,67.0,0.0,3392.0,strangers
84,81,84_81,2_before,15.65,-0.34999999999999964,3392.0,strangers
81,84,84_81,2_before,67.0,0.0,3392.0,strangers
84,81,84_81,1_after,15.0,-1.0,3392.0,strangers
81,84,84_81,1_after,67.0,0.0,3392.0,strangers
84,81,84_81,2_after,15.0,-1.0,3392.0,strangers
81,84,84_81,2_after,67.0,0.0,3392.0,strangers
84,81,84_81,3_after,15.0,-1.0,3392.0,strangers
81,84,84_81,3_after,67.0,0.0,3392.0,strangers
22,26,22_26,3_before,54.0,0.0,3275.0,strangers
26,22,22_26,3_before,100.0,0.0,3275.0,strangers
22,26,22_26,long_gap,45.121212121212125,-8.878787878787875,3275.0,strangers
26,22,22_26,long_gap,100.0,0.0,3275.0,strangers
22,26,22_26,1_before,53.75,-0.25,3275.0,strangers
26,22,22_26,1_before,100.0,0.0,3275.0,strangers
22,26,22_26,2_before,54.0,0.0,3275.0,strangers
26,22,22_26,2_before,100.0,0.0,3275.0,strangers
22,26,22_26,1_after,40.2,-13.799999999999997,3275.0,strangers
26,22,22_26,1_after,83.55,-16.450000000000003,3275.0,strangers
22,26,22_26,2_after,40.0,-14.0,3275.0,strangers
26,22,22_26,2_after,70.85,-29.150000000000006,3275.0,strangers
22,26,22_26,3_after,39.2,-14.799999999999997,3275.0,strangers
26,22,22_26,3_after,70.0,-30.0,3275.0,strangers
108,105,108_105,3_before,92.0,0.0,3152.0,strangers
105,108,108_105,3_before,0.55,0.0,3152.0,strangers
108,105,108_105,long_gap,92.0,0.0,3152.0,strangers
105,108,108_105,long_gap,15.0,14.45,3152.0,strangers
108,105,108_105,1_before,92.0,0.0,3152.0,strangers
105,108,108_105,1_before,15.0,14.45,3152.0,strangers
108,105,108_105,2_before,92.0,0.0,3152.0,strangers
105,108,108_105,2_before,11.95,11.399999999999999,3152.0,strangers
108,105,108_105,1_after,92.0,0.0,3152.0,strangers
105,108,108_105,1_after,15.6,15.049999999999999,3152.0,strangers
108,105,108_105,2_after,92.0,0.0,3152.0,strangers
105,108,108_105,2_after,16.0,15.45,3152.0,strangers
108,105,108_105,3_after,92.0,0.0,3152.0,strangers
105,108,108_105,3_after,17.35,16.8,3152.0,strangers
42,48,42_48,3_before,54.6,0.0,3425.0,strangers
48,42,42_48,3_before,42.0,0.0,3425.0,strangers
42,48,42_48,long_gap,53.0,-1.6000000000000014,3425.0,strangers
48,42,42_48,long_gap,39.74285714285714,-2.25714285714286,3425.0,strangers
42,48,42_48,1_before,53.0,-1.6000000000000014,3425.0,strangers
48,42,42_48,1_before,41.2,-0.7999999999999972,3425.0,strangers
42,48,42_48,2_before,53.05,-1.5500000000000043,3425.0,strangers
48,42,42_48,2_before,41.95,-0.04999999999999716,3425.0,strangers
42,48,42_48,1_after,53.0,-1.6000000000000014,3425.0,strangers
48,42,42_48,1_after,39.15,-2.8500000000000014,3425.0,strangers
42,48,42_48,2_after,53.0,-1.6000000000000014,3425.0,strangers
48,42,42_48,2_after,39.8,-2.200000000000003,3425.0,strangers
42,48,42_48,3_after,53.0,-1.6000000000000014,3425.0,strangers
48,42,42_48,3_after,25.2,-16.8,3425.0,strangers
101,105,101_105,3_before,35.0,0.0,3519.0,strangers
105,101,101_105,3_before,55.0,0.0,3519.0,strangers
101,105,101_105,long_gap,35.0,0.0,3519.0,strangers
105,101,101_105,long_gap,55.0,0.0,3519.0,strangers
101,105,101_105,1_before,35.0,0.0,3519.0,strangers
105,101,101_105,1_before,55.0,0.0,3519.0,strangers
101,105,101_105,2_before,35.0,0.0,3519.0,strangers
105,101,101_105,2_before,55.0,0.0,3519.0,strangers
101,105,101_105,1_after,41.55,6.549999999999997,3519.0,strangers
105,101,101_105,1_after,55.0,0.0,3519.0,strangers
101,105,101_105,2_after,48.95,13.950000000000003,3519.0,strangers
105,101,101_105,2_after,55.0,0.0,3519.0,strangers
101,105,101_105,3_after,49.0,14.0,3519.0,strangers
105,101,101_105,3_after,55.0,0.0,3519.0,strangers
101,105,101_105,3_before,64.75,0.0,3549.0,strangers
105,101,101_105,3_before,32.0,0.0,3549.0,strangers
101,105,101_105,long_gap,64.0,-0.75,3549.0,strangers
105,101,101_105,long_gap,32.0,0.0,3549.0,strangers
101,105,101_105,1_before,64.0,-0.75,3549.0,strangers
105,101,101_105,1_before,32.0,0.0,3549.0,strangers
101,105,101_105,2_before,64.0,-0.75,3549.0,strangers
105,101,101_105,2_before,32.0,0.0,3549.0,strangers
101,105,101_105,1_after,64.0,-0.75,3549.0,strangers
105,101,101_105,1_after,32.0,0.0,3549.0,strangers
101,105,101_105,2_after,64.0,-0.75,3549.0,strangers
105,101,101_105,2_after,40.0,8.0,3549.0,strangers
101,105,101_105,3_after,64.0,-0.75,3549.0,strangers
105,101,101_105,3_after,57.15,25.15,3549.0,strangers
108,103,108_103,3_before,66.0,0.0,3821.0,strangers
103,108,108_103,3_before,51.0,0.0,3821.0,strangers
108,103,108_103,long_gap,75.0,9.0,3821.0,strangers
103,108,108_103,long_gap,47.0,-4.0,3821.0,strangers
108,103,108_103,1_before,73.55,7.549999999999997,3821.0,strangers
103,108,108_103,1_before,47.3,-3.700000000000003,3821.0,strangers
108,103,108_103,2_before,66.0,0.0,3821.0,strangers
103,108,108_103,2_before,50.95,-0.04999999999999716,3821.0,strangers
108,103,108_103,1_after,75.0,9.0,3821.0,strangers
103,108,108_103,1_after,47.0,-4.0,3821.0,strangers
108,103,108_103,2_after,75.0,9.0,3821.0,strangers
103,108,108_103,2_after,47.0,-4.0,3821.0,strangers
108,103,108_103,3_after,75.0,9.0,3821.0,strangers
103,108,108_103,3_after,47.0,-4.0,3821.0,strangers
108,103,108_103,3_before,67.0,0.0,6127.0,strangers
103,108,108_103,3_before,58.6,0.0,6127.0,strangers
108,103,108_103,long_gap,79.37096774193549,12.370967741935488,6127.0,strangers
103,108,108_103,long_gap,27.24590163934426,-31.35409836065574,6127.0,strangers
108,103,108_103,1_before,67.0,0.0,6127.0,strangers
103,108,108_103,1_before,58.0,-0.6000000000000014,6127.0,strangers
108,103,108_103,2_before,67.0,0.0,6127.0,strangers
103,108,108_103,2_before,59.45,0.8500000000000014,6127.0,strangers
108,103,108_103,1_after,27.45,-39.55,6127.0,strangers
103,108,108_103,1_after,4.0,-54.6,6127.0,strangers
108,103,108_103,2_after,31.0,-36.0,6127.0,strangers
103,108,108_103,2_after,4.0,-54.6,6127.0,strangers
108,103,108_103,3_after,31.0,-36.0,6127.0,strangers
103,108,108_103,3_after,4.0,-54.6,6127.0,strangers
109,110,109_110,3_before,96.0,0.0,6060.0,strangers
110,109,109_110,3_before,80.7,0.0,6060.0,strangers
109,110,109_110,long_gap,96.0,0.0,6060.0,strangers
110,109,109_110,long_gap,80.0,-0.7000000000000028,6060.0,strangers
109,110,109_110,1_before,96.0,0.0,6060.0,strangers
110,109,109_110,1_before,80.0,-0.7000000000000028,6060.0,strangers
109,110,109_110,2_before,96.0,0.0,6060.0,strangers
110,109,109_110,2_before,80.0,-0.7000000000000028,6060.0,strangers
109,110,109_110,1_after,96.0,0.0,6060.0,strangers
110,109,109_110,1_after,80.0,-0.7000000000000028,6060.0,strangers
109,110,109_110,2_after,96.0,0.0,6060.0,strangers
110,109,109_110,2_after,79.8,-0.9000000000000057,6060.0,strangers
109,110,109_110,3_after,96.0,0.0,6060.0,strangers
110,109,109_110,3_after,77.05,-3.6500000000000057,6060.0,strangers
100,106,100_106,3_before,41.9,0.0,4170.0,strangers
106,100,100_106,3_before,37.0,0.0,4170.0,strangers
100,106,100_106,long_gap,9.80952380952381,-32.09047619047619,4170.0,strangers
106,100,100_106,long_gap,35.0,-2.0,4170.0,strangers
100,106,100_106,1_before,10.0,-31.9,4170.0,strangers
106,100,100_106,1_before,35.85,-1.1499999999999986,4170.0,strangers
100,106,100_106,2_before,12.5,-29.4,4170.0,strangers
106,100,100_106,2_before,37.0,0.0,4170.0,strangers
100,106,100_106,1_after,5.7,-36.199999999999996,4170.0,strangers
106,100,100_106,1_after,35.0,-2.0,4170.0,strangers
100,106,100_106,2_after,11.95,-29.95,4170.0,strangers
106,100,100_106,2_after,35.0,-2.0,4170.0,strangers
100,106,100_106,3_after,34.55,-7.350000000000001,4170.0,strangers
106,100,100_106,3_after,35.0,-2.0,4170.0,strangers
110,106,110_106,3_before,28.0,0.0,3471.0,strangers
106,110,110_106,3_before,38.0,0.0,3471.0,strangers
110,106,110_106,long_gap,28.0,0.0,3471.0,strangers
106,110,110_106,long_gap,38.0,0.0,3471.0,strangers
110,106,110_106,1_before,28.0,0.0,3471.0,strangers
106,110,110_106,1_before,38.0,0.0,3471.0,strangers
110,106,110_106,2_before,28.0,0.0,3471.0,strangers
106,110,110_106,2_before,38.0,0.0,3471.0,strangers
110,106,110_106,1_after,28.0,0.0,3471.0,strangers
106,110,110_106,1_after,38.0,0.0,3471.0,strangers
110,106,110_106,2_after,28.0,0.0,3471.0,strangers
106,110,110_106,2_after,38.0,0.0,3471.0,strangers
110,106,110_106,3_after,30.7,2.6999999999999993,3471.0,strangers
106,110,110_106,3_after,38.0,0.0,3471.0,strangers
110,106,110_106,3_before,34.0,0.0,3147.0,strangers
106,110,110_106,3_before,65.0,0.0,3147.0,strangers
110,106,110_106,long_gap,30.0,-4.0,3147.0,strangers
106,110,110_106,long_gap,65.0,0.0,3147.0,strangers
110,106,110_106,1_before,30.0,-4.0,3147.0,strangers
106,110,110_106,1_before,65.0,0.0,3147.0,strangers
110,106,110_106,2_before,32.4,-1.6000000000000014,3147.0,strangers
106,110,110_106,2_before,65.0,0.0,3147.0,strangers
110,106,110_106,1_after,30.0,-4.0,3147.0,strangers
106,110,110_106,1_after,65.0,0.0,3147.0,strangers
110,106,110_106,2_after,30.0,-4.0,3147.0,strangers
106,110,110_106,2_after,65.0,0.0,3147.0,strangers
110,106,110_106,3_after,30.0,-4.0,3147.0,strangers
106,110,110_106,3_after,65.0,0.0,3147.0,strangers
3,7,3_7,3_before,67.0,0.0,3335.0,strangers
7,3,3_7,3_before,100.0,0.0,3335.0,strangers
3,7,3_7,long_gap,50.794117647058826,-16.205882352941174,3335.0,strangers
7,3,3_7,long_gap,100.0,0.0,3335.0,strangers
3,7,3_7,1_before,67.0,0.0,3335.0,strangers
7,3,3_7,1_before,100.0,0.0,3335.0,strangers
3,7,3_7,2_before,67.0,0.0,3335.0,strangers
7,3,3_7,2_before,100.0,0.0,3335.0,strangers
3,7,3_7,1_after,41.0,-26.0,3335.0,strangers
7,3,3_7,1_after,100.0,0.0,3335.0,strangers
3,7,3_7,2_after,41.1,-25.9,3335.0,strangers
7,3,3_7,2_after,100.0,0.0,3335.0,strangers
3,7,3_7,3_after,48.35,-18.65,3335.0,strangers
7,3,3_7,3_after,100.0,0.0,3335.0,strangers
40,46,40_46,3_before,9.25,0.0,3017.0,strangers
46,40,40_46,3_before,46.0,0.0,3017.0,strangers
40,46,40_46,long_gap,9.0,-0.25,3017.0,strangers
46,40,40_46,long_gap,41.0,-5.0,3017.0,strangers
40,46,40_46,1_before,9.0,-0.25,3017.0,strangers
46,40,40_46,1_before,42.95,-3.049999999999997,3017.0,strangers
40,46,40_46,2_before,9.0,-0.25,3017.0,strangers
46,40,40_46,2_before,45.55,-0.45000000000000284,3017.0,strangers
40,46,40_46,1_after,9.0,-0.25,3017.0,strangers
46,40,40_46,1_after,41.0,-5.0,3017.0,strangers
40,46,40_46,2_after,9.0,-0.25,3017.0,strangers
46,40,40_46,2_after,41.0,-5.0,3017.0,strangers
40,46,40_46,3_after,9.0,-0.25,3017.0,strangers
46,40,40_46,3_after,35.3,-10.700000000000003,3017.0,strangers
40,46,40_46,3_before,9.0,0.0,3002.0,strangers
46,40,40_46,3_before,46.0,0.0,3002.0,strangers
40,46,40_46,long_gap,9.0,0.0,3002.0,strangers
46,40,40_46,long_gap,46.0,0.0,3002.0,strangers
40,46,40_46,1_before,9.0,0.0,3002.0,strangers
46,40,40_46,1_before,46.0,0.0,3002.0,strangers
40,46,40_46,2_before,9.0,0.0,3002.0,strangers
46,40,40_46,2_before,46.0,0.0,3002.0,strangers
40,46,40_46,1_after,9.0,0.0,3002.0,strangers
46,40,40_46,1_after,46.0,0.0,3002.0,strangers
40,46,40_46,2_after,9.0,0.0,3002.0,strangers
46,40,40_46,2_after,46.0,0.0,3002.0,strangers
40,46,40_46,3_after,9.0,0.0,3002.0,strangers
46,40,40_46,3_after,46.0,0.0,3002.0,strangers
105,106,105_106,3_before,42.0,0.0,4083.0,strangers
106,105,105_106,3_before,37.0,0.0,4083.0,strangers
105,106,105_106,long_gap,42.0,0.0,4083.0,strangers
106,105,105_106,long_gap,37.0,0.0,4083.0,strangers
105,106,105_106,1_before,42.0,0.0,4083.0,strangers
106,105,105_106,1_before,37.0,0.0,4083.0,strangers
105,106,105_106,2_before,42.0,0.0,4083.0,strangers
106,105,105_106,2_before,37.0,0.0,4083.0,strangers
105,106,105_106,1_after,42.0,0.0,4083.0,strangers
106,105,105_106,1_after,37.0,0.0,4083.0,strangers
105,106,105_106,2_after,35.9,-6.100000000000001,4083.0,strangers
106,105,105_106,2_after,37.0,0.0,4083.0,strangers
105,106,105_106,3_after,29.0,-13.0,4083.0,strangers
106,105,105_106,3_after,37.0,0.0,4083.0,strangers
105,106,105_106,3_before,46.15,0.0,3031.0,strangers
106,105,105_106,3_before,60.0,0.0,3031.0,strangers
105,106,105_106,long_gap,56.0,9.850000000000001,3031.0,strangers
106,105,105_106,long_gap,60.0,0.0,3031.0,strangers
105,106,105_106,1_before,56.0,9.850000000000001,3031.0,strangers
106,105,105_106,1_before,60.0,0.0,3031.0,strangers
105,106,105_106,2_before,55.6,9.450000000000003,3031.0,strangers
106,105,105_106,2_before,60.0,0.0,3031.0,strangers
105,106,105_106,1_after,56.0,9.850000000000001,3031.0,strangers
106,105,105_106,1_after,60.0,0.0,3031.0,strangers
105,106,105_106,2_after,56.0,9.850000000000001,3031.0,strangers
106,105,105_106,2_after,60.0,0.0,3031.0,strangers
105,106,105_106,3_after,56.0,9.850000000000001,3031.0,strangers
106,105,105_106,3_after,60.0,0.0,3031.0,strangers
105,106,105_106,3_before,71.0,0.0,3342.0,strangers
106,105,105_106,3_before,74.0,0.0,3342.0,strangers
105,106,105_106,long_gap,70.41176470588235,-0.5882352941176521,3342.0,strangers
106,105,105_106,long_gap,73.97058823529412,-0.029411764705884025,3342.0,strangers
105,106,105_106,1_before,71.0,0.0,3342.0,strangers
106,105,105_106,1_before,74.0,0.0,3342.0,strangers
105,106,105_106,2_before,71.0,0.0,3342.0,strangers
106,105,105_106,2_before,74.0,0.0,3342.0,strangers
105,106,105_106,1_after,72.45,1.4500000000000028,3342.0,strangers
106,105,105_106,1_after,74.35,0.3499999999999943,3342.0,strangers
105,106,105_106,2_after,84.75,13.75,3342.0,strangers
106,105,105_106,2_after,75.0,1.0,3342.0,strangers
105,106,105_106,3_after,87.0,16.0,3342.0,strangers
106,105,105_106,3_after,75.0,1.0,3342.0,strangers
105,106,105_106,3_before,69.7,0.0,4591.0,strangers
106,105,105_106,3_before,73.95,0.0,4591.0,strangers
105,106,105_106,long_gap,87.0,17.299999999999997,4591.0,strangers
106,105,105_106,long_gap,75.0,1.0499999999999972,4591.0,strangers
105,106,105_106,1_before,80.7,11.0,4591.0,strangers
106,105,105_106,1_before,75.0,1.0499999999999972,4591.0,strangers
105,106,105_106,2_before,72.0,2.299999999999997,4591.0,strangers
106,105,105_106,2_before,74.05,0.09999999999999432,4591.0,strangers
105,106,105_106,1_after,87.0,17.299999999999997,4591.0,strangers
106,105,105_106,1_after,75.0,1.0499999999999972,4591.0,strangers
105,106,105_106,2_after,87.0,17.299999999999997,4591.0,strangers
106,105,105_106,2_after,75.0,1.0499999999999972,4591.0,strangers
105,106,105_106,3_after,87.0,17.299999999999997,4591.0,strangers
106,105,105_106,3_after,75.0,1.0499999999999972,4591.0,strangers
105,106,105_106,3_before,56.0,0.0,4942.0,strangers
106,105,105_106,3_before,75.0,0.0,4942.0,strangers
105,106,105_106,long_gap,83.3061224489796,27.306122448979593,4942.0,strangers
106,105,105_106,long_gap,75.0,0.0,4942.0,strangers
105,106,105_106,1_before,59.0,3.0,4942.0,strangers
106,105,105_106,1_before,75.0,0.0,4942.0,strangers
105,106,105_106,2_before,58.65,2.6499999999999986,4942.0,strangers
106,105,105_106,2_before,75.0,0.0,4942.0,strangers
105,106,105_106,1_after,85.0,29.0,4942.0,strangers
106,105,105_106,1_after,75.0,0.0,4942.0,strangers
105,106,105_106,2_after,85.0,29.0,4942.0,strangers
106,105,105_106,2_after,75.0,0.0,4942.0,strangers
105,106,105_106,3_after,85.0,29.0,4942.0,strangers
106,105,105_106,3_after,75.0,0.0,4942.0,strangers
105,106,105_106,3_before,72.95,0.0,4140.0,strangers
106,105,105_106,3_before,75.0,0.0,4140.0,strangers
105,106,105_106,long_gap,63.904761904761905,-9.045238095238098,4140.0,strangers
106,105,105_106,long_gap,75.0,0.0,4140.0,strangers
105,106,105_106,1_before,60.85,-12.100000000000001,4140.0,strangers
106,105,105_106,1_before,75.0,0.0,4140.0,strangers
105,106,105_106,2_before,61.35,-11.600000000000001,4140.0,strangers
106,105,105_106,2_before,75.0,0.0,4140.0,strangers
105,106,105_106,1_after,65.3,-7.650000000000006,4140.0,strangers
106,105,105_106,1_after,75.0,0.0,4140.0,strangers
105,106,105_106,2_after,66.0,-6.950000000000003,4140.0,strangers
106,105,105_106,2_after,75.0,0.0,4140.0,strangers
105,106,105_106,3_after,66.0,-6.950000000000003,4140.0,strangers
106,105,105_106,3_after,75.0,0.0,4140.0,strangers
85,87,85_87,3_before,59.65,0.0,3896.0,strangers
87,85,85_87,3_before,38.0,0.0,3896.0,strangers
85,87,85_87,long_gap,56.64102564102564,-3.0089743589743563,3896.0,strangers
87,85,85_87,long_gap,38.0,0.0,3896.0,strangers
85,87,85_87,1_before,57.45,-2.1999999999999957,3896.0,strangers
87,85,85_87,1_before,38.0,0.0,3896.0,strangers
85,87,85_87,2_before,59.75,0.10000000000000142,3896.0,strangers
87,85,85_87,2_before,38.0,0.0,3896.0,strangers
85,87,85_87,1_after,56.0,-3.6499999999999986,3896.0,strangers
87,85,85_87,1_after,38.0,0.0,3896.0,strangers
85,87,85_87,2_after,57.8,-1.8500000000000014,3896.0,strangers
87,85,85_87,2_after,38.0,0.0,3896.0,strangers
85,87,85_87,3_after,56.05,-3.6000000000000014,3896.0,strangers
87,85,85_87,3_after,38.0,0.0,3896.0,strangers
40,47,40_47,3_before,6.0,0.0,4125.0,strangers
47,40,40_47,3_before,29.0,0.0,4125.0,strangers
40,47,40_47,long_gap,6.0,0.0,4125.0,strangers
47,40,40_47,long_gap,29.0,0.0,4125.0,strangers
40,47,40_47,1_before,6.0,0.0,4125.0,strangers
47,40,40_47,1_before,29.0,0.0,4125.0,strangers
40,47,40_47,2_before,6.0,0.0,4125.0,strangers
47,40,40_47,2_before,29.0,0.0,4125.0,strangers
40,47,40_47,1_after,6.0,0.0,4125.0,strangers
47,40,40_47,1_after,29.0,0.0,4125.0,strangers
40,47,40_47,2_after,6.0,0.0,4125.0,strangers
47,40,40_47,2_after,29.0,0.0,4125.0,strangers
40,47,40_47,3_after,6.0,0.0,4125.0,strangers
47,40,40_47,3_after,29.0,0.0,4125.0,strangers
40,47,40_47,3_before,9.0,0.0,3635.0,strangers
47,40,40_47,3_before,26.0,0.0,3635.0,strangers
40,47,40_47,long_gap,9.0,0.0,3635.0,strangers
47,40,40_47,long_gap,37.0,11.0,3635.0,strangers
40,47,40_47,1_before,9.0,0.0,3635.0,strangers
47,40,40_47,1_before,32.4,6.399999999999999,3635.0,strangers
40,47,40_47,2_before,9.0,0.0,3635.0,strangers
47,40,40_47,2_before,26.0,0.0,3635.0,strangers
40,47,40_47,1_after,9.0,0.0,3635.0,strangers
47,40,40_47,1_after,37.0,11.0,3635.0,strangers
40,47,40_47,2_after,9.0,0.0,3635.0,strangers
47,40,40_47,2_after,37.0,11.0,3635.0,strangers
40,47,40_47,3_after,9.0,0.0,3635.0,strangers
47,40,40_47,3_after,37.0,11.0,3635.0,strangers
61,62,61_62,3_before,38.0,0.0,4079.0,strangers
62,61,61_62,3_before,61.0,0.0,4079.0,strangers
61,62,61_62,long_gap,27.170731707317074,-10.829268292682926,4079.0,strangers
62,61,61_62,long_gap,61.0,0.0,4079.0,strangers
61,62,61_62,1_before,38.0,0.0,4079.0,strangers
62,61,61_62,1_before,61.0,0.0,4079.0,strangers
61,62,61_62,2_before,38.0,0.0,4079.0,strangers
62,61,61_62,2_before,61.0,0.0,4079.0,strangers
61,62,61_62,1_after,21.0,-17.0,4079.0,strangers
62,61,61_62,1_after,61.0,0.0,4079.0,strangers
61,62,61_62,2_after,21.0,-17.0,4079.0,strangers
62,61,61_62,2_after,61.0,0.0,4079.0,strangers
61,62,61_62,3_after,21.0,-17.0,4079.0,strangers
62,61,61_62,3_after,61.0,0.0,4079.0,strangers
85,84,85_84,3_before,30.0,0.0,3576.0,strangers
84,85,85_84,3_before,10.0,0.0,3576.0,strangers
85,84,85_84,long_gap,24.514285714285716,-5.485714285714284,3576.0,strangers
84,85,85_84,long_gap,10.0,0.0,3576.0,strangers
85,84,85_84,1_before,27.35,-2.6499999999999986,3576.0,strangers
84,85,85_84,1_before,10.0,0.0,3576.0,strangers
85,84,85_84,2_before,29.85,-0.14999999999999858,3576.0,strangers
84,85,85_84,2_before,10.0,0.0,3576.0,strangers
85,84,85_84,1_after,24.3,-5.699999999999999,3576.0,strangers
84,85,85_84,1_after,10.0,0.0,3576.0,strangers
85,84,85_84,2_after,25.1,-4.899999999999999,3576.0,strangers
84,85,85_84,2_after,10.0,0.0,3576.0,strangers
85,84,85_84,3_after,26.55,-3.4499999999999993,3576.0,strangers
84,85,85_84,3_after,10.0,0.0,3576.0,strangers
85,84,85_84,3_before,55.0,0.0,3646.0,strangers
84,85,85_84,3_before,15.65,0.0,3646.0,strangers
85,84,85_84,long_gap,54.05555555555556,-0.9444444444444429,3646.0,strangers
84,85,85_84,long_gap,19.0,3.3499999999999996,3646.0,strangers
85,84,85_84,1_before,55.0,0.0,3646.0,strangers
84,85,85_84,1_before,19.0,3.3499999999999996,3646.0,strangers
85,84,85_84,2_before,55.0,0.0,3646.0,strangers
84,85,85_84,2_before,19.0,3.3499999999999996,3646.0,strangers
85,84,85_84,1_after,49.26315789473684,-5.7368421052631575,3646.0,strangers
84,85,85_84,1_after,19.0,3.3499999999999996,3646.0,strangers
85,84,85_84,2_after,45.73684210526316,-9.263157894736842,3646.0,strangers
84,85,85_84,2_after,19.0,3.3499999999999996,3646.0,strangers
85,84,85_84,3_after,49.31578947368421,-5.684210526315788,3646.0,strangers
84,85,85_84,3_after,19.0,3.3499999999999996,3646.0,strangers
85,84,85_84,3_before,41.0,0.0,3351.0,strangers
84,85,85_84,3_before,20.0,0.0,3351.0,strangers
85,84,85_84,long_gap,41.0,0.0,3351.0,strangers
84,85,85_84,long_gap,20.0,0.0,3351.0,strangers
85,84,85_84,1_before,41.0,0.0,3351.0,strangers
84,85,85_84,1_before,20.0,0.0,3351.0,strangers
85,84,85_84,2_before,41.0,0.0,3351.0,strangers
84,85,85_84,2_before,20.0,0.0,3351.0,strangers
85,84,85_84,1_after,41.0,0.0,3351.0,strangers
84,85,85_84,1_after,20.0,0.0,3351.0,strangers
85,84,85_84,2_after,41.0,0.0,3351.0,strangers
84,85,85_84,2_after,19.25,-0.75,3351.0,strangers
85,84,85_84,3_after,41.0,0.0,3351.0,strangers
84,85,85_84,3_after,21.5,1.5,3351.0,strangers
89,85,89_85,3_before,70.8,0.0,3330.0,strangers
85,89,89_85,3_before,100.0,0.0,3330.0,strangers
89,85,89_85,long_gap,86.0,15.200000000000003,3330.0,strangers
85,89,89_85,long_gap,100.0,0.0,3330.0,strangers
89,85,89_85,1_before,82.9,12.100000000000009,3330.0,strangers
85,89,89_85,1_before,100.0,0.0,3330.0,strangers
89,85,89_85,2_before,71.0,0.20000000000000284,3330.0,strangers
85,89,89_85,2_before,100.0,0.0,3330.0,strangers
89,85,89_85,1_after,86.0,15.200000000000003,3330.0,strangers
85,89,89_85,1_after,100.0,0.0,3330.0,strangers
89,85,89_85,2_after,86.0,15.200000000000003,3330.0,strangers
85,89,89_85,2_after,100.0,0.0,3330.0,strangers
89,85,89_85,3_after,86.0,15.200000000000003,3330.0,strangers
85,89,89_85,3_after,100.0,0.0,3330.0,strangers
105,110,105_110,3_before,66.0,0.0,3420.0,strangers
110,105,105_110,3_before,3.0,0.0,3420.0,strangers
105,110,105_110,long_gap,66.0,0.0,3420.0,strangers
110,105,105_110,long_gap,3.0,0.0,3420.0,strangers
105,110,105_110,1_before,66.0,0.0,3420.0,strangers
110,105,105_110,1_before,3.0,0.0,3420.0,strangers
105,110,105_110,2_before,66.0,0.0,3420.0,strangers
110,105,105_110,2_before,3.0,0.0,3420.0,strangers
105,110,105_110,1_after,66.0,0.0,3420.0,strangers
110,105,105_110,1_after,3.0,0.0,3420.0,strangers
105,110,105_110,2_after,66.0,0.0,3420.0,strangers
110,105,105_110,2_after,3.0,0.0,3420.0,strangers
105,110,105_110,3_after,66.0,0.0,3420.0,strangers
110,105,105_110,3_after,3.0,0.0,3420.0,strangers
9,6,9_6,3_before,55.0,0.0,3120.0,strangers
6,9,9_6,3_before,64.0,0.0,3120.0,strangers
9,6,9_6,long_gap,46.03225806451613,-8.967741935483872,3120.0,strangers
6,9,9_6,long_gap,64.0,0.0,3120.0,strangers
9,6,9_6,1_before,50.55,-4.450000000000003,3120.0,strangers
6,9,9_6,1_before,64.0,0.0,3120.0,strangers
9,6,9_6,2_before,55.0,0.0,3120.0,strangers
6,9,9_6,2_before,64.0,0.0,3120.0,strangers
9,6,9_6,1_after,46.0,-9.0,3120.0,strangers
6,9,9_6,1_after,64.0,0.0,3120.0,strangers
9,6,9_6,2_after,46.0,-9.0,3120.0,strangers
6,9,9_6,2_after,64.0,0.0,3120.0,strangers
9,6,9_6,3_after,46.0,-9.0,3120.0,strangers
6,9,9_6,3_after,64.0,0.0,3120.0,strangers
40,41,40_41,3_before,70.0,0.0,3139.0,strangers
41,40,40_41,3_before,38.0,0.0,3139.0,strangers
40,41,40_41,long_gap,70.0,0.0,3139.0,strangers
41,40,40_41,long_gap,38.0,0.0,3139.0,strangers
40,41,40_41,1_before,70.0,0.0,3139.0,strangers
41,40,40_41,1_before,38.0,0.0,3139.0,strangers
40,41,40_41,2_before,70.0,0.0,3139.0,strangers
41,40,40_41,2_before,38.0,0.0,3139.0,strangers
40,41,40_41,1_after,70.0,0.0,3139.0,strangers
41,40,40_41,1_after,38.0,0.0,3139.0,strangers
40,41,40_41,2_after,70.0,0.0,3139.0,strangers
41,40,40_41,2_after,38.0,0.0,3139.0,strangers
40,41,40_41,3_after,67.9,-2.0999999999999943,3139.0,strangers
41,40,40_41,3_after,38.0,0.0,3139.0,strangers
61,70,61_70,3_before,79.0,0.0,3781.0,strangers
70,61,61_70,3_before,75.0,0.0,3781.0,strangers
61,70,61_70,long_gap,53.486486486486484,-25.513513513513516,3781.0,strangers
70,61,61_70,long_gap,75.0,0.0,3781.0,strangers
61,70,61_70,1_before,76.4,-2.5999999999999943,3781.0,strangers
70,61,61_70,1_before,75.0,0.0,3781.0,strangers
61,70,61_70,2_before,79.0,0.0,3781.0,strangers
70,61,61_70,2_before,75.0,0.0,3781.0,strangers
61,70,61_70,1_after,47.05,-31.950000000000003,3781.0,strangers
70,61,61_70,1_after,75.0,0.0,3781.0,strangers
61,70,61_70,2_after,46.0,-33.0,3781.0,strangers
70,61,61_70,2_after,75.0,0.0,3781.0,strangers
61,70,61_70,3_after,46.0,-33.0,3781.0,strangers
70,61,61_70,3_after,75.0,0.0,3781.0,strangers
105,103,105_103,3_before,44.0,0.0,3057.0,strangers
103,105,105_103,3_before,70.0,0.0,3057.0,strangers
105,103,105_103,long_gap,44.0,0.0,3057.0,strangers
103,105,105_103,long_gap,69.0,-1.0,3057.0,strangers
105,103,105_103,1_before,44.0,0.0,3057.0,strangers
103,105,105_103,1_before,69.0,-1.0,3057.0,strangers
105,103,105_103,2_before,44.0,0.0,3057.0,strangers
103,105,105_103,2_before,70.4,0.4000000000000057,3057.0,strangers
105,103,105_103,1_after,44.0,0.0,3057.0,strangers
103,105,105_103,1_after,68.6,-1.4000000000000057,3057.0,strangers
105,103,105_103,2_after,44.0,0.0,3057.0,strangers
103,105,105_103,2_after,70.0,0.0,3057.0,strangers
105,103,105_103,3_after,44.0,0.0,3057.0,strangers
103,105,105_103,3_after,69.65,-0.3499999999999943,3057.0,strangers
105,103,105_103,3_before,18.0,0.0,3937.0,strangers
103,105,105_103,3_before,54.95,0.0,3937.0,strangers
105,103,105_103,long_gap,18.0,0.0,3937.0,strangers
103,105,105_103,long_gap,34.02564102564103,-20.924358974358974,3937.0,strangers
105,103,105_103,1_before,18.0,0.0,3937.0,strangers
103,105,105_103,1_before,53.0,-1.9500000000000028,3937.0,strangers
105,103,105_103,2_before,18.0,0.0,3937.0,strangers
103,105,105_103,2_before,52.1,-2.8500000000000014,3937.0,strangers
105,103,105_103,1_after,18.0,0.0,3937.0,strangers
103,105,105_103,1_after,22.65,-32.300000000000004,3937.0,strangers
105,103,105_103,2_after,18.0,0.0,3937.0,strangers
103,105,105_103,2_after,50.65,-4.300000000000004,3937.0,strangers
105,103,105_103,3_after,18.0,0.0,3937.0,strangers
103,105,105_103,3_after,55.15,0.19999999999999574,3937.0,strangers
3,10,3_10,3_before,42.0,0.0,3243.0,strangers
10,3,3_10,3_before,49.0,0.0,3243.0,strangers
3,10,3_10,long_gap,58.60606060606061,16.60606060606061,3243.0,strangers
10,3,3_10,long_gap,49.0,0.0,3243.0,strangers
3,10,3_10,1_before,53.0,11.0,3243.0,strangers
10,3,3_10,1_before,49.0,0.0,3243.0,strangers
3,10,3_10,2_before,42.0,0.0,3243.0,strangers
10,3,3_10,2_before,49.0,0.0,3243.0,strangers
3,10,3_10,1_after,58.0,16.0,3243.0,strangers
10,3,3_10,1_after,49.0,0.0,3243.0,strangers
3,10,3_10,2_after,58.0,16.0,3243.0,strangers
10,3,3_10,2_after,49.0,0.0,3243.0,strangers
3,10,3_10,3_after,57.9,15.899999999999999,3243.0,strangers
10,3,3_10,3_after,49.0,0.0,3243.0,strangers
65,64,65_64,3_before,11.0,0.0,3410.0,strangers
64,65,65_64,3_before,61.5,0.0,3410.0,strangers
65,64,65_64,long_gap,11.0,0.0,3410.0,strangers
64,65,65_64,long_gap,62.55882352941177,1.058823529411768,3410.0,strangers
65,64,65_64,1_before,11.0,0.0,3410.0,strangers
64,65,65_64,1_before,61.0,-0.5,3410.0,strangers
65,64,65_64,2_before,11.0,0.0,3410.0,strangers
64,65,65_64,2_before,61.45,-0.04999999999999716,3410.0,strangers
65,64,65_64,1_after,11.0,0.0,3410.0,strangers
64,65,65_64,1_after,64.0,2.5,3410.0,strangers
65,64,65_64,2_after,11.0,0.0,3410.0,strangers
64,65,65_64,2_after,64.35,2.8499999999999943,3410.0,strangers
65,64,65_64,3_after,11.0,0.0,3410.0,strangers
64,65,65_64,3_after,63.25,1.75,3410.0,strangers
10,7,10_7,3_before,76.0,0.0,3968.0,strangers
7,10,10_7,3_before,13.0,0.0,3968.0,strangers
10,7,10_7,long_gap,60.85,-15.149999999999999,3968.0,strangers
7,10,10_7,long_gap,12.95,-0.05000000000000071,3968.0,strangers
10,7,10_7,1_before,76.0,0.0,3968.0,strangers
7,10,10_7,1_before,13.0,0.0,3968.0,strangers
10,7,10_7,2_before,76.0,0.0,3968.0,strangers
7,10,10_7,2_before,13.0,0.0,3968.0,strangers
10,7,10_7,1_after,52.45,-23.549999999999997,3968.0,strangers
7,10,10_7,1_after,11.1,-1.9000000000000004,3968.0,strangers
10,7,10_7,2_after,64.4,-11.599999999999994,3968.0,strangers
7,10,10_7,2_after,11.0,-2.0,3968.0,strangers
10,7,10_7,3_after,61.15,-14.850000000000001,3968.0,strangers
7,10,10_7,3_after,11.0,-2.0,3968.0,strangers
46,47,46_47,3_before,47.65,0.0,4034.0,strangers
47,46,46_47,3_before,34.4,0.0,4034.0,strangers
46,47,46_47,long_gap,49.0,1.3500000000000014,4034.0,strangers
47,46,46_47,long_gap,34.85,0.45000000000000284,4034.0,strangers
46,47,46_47,1_before,49.0,1.3500000000000014,4034.0,strangers
47,46,46_47,1_before,37.0,2.6000000000000014,4034.0,strangers
46,47,46_47,2_before,49.0,1.3500000000000014,4034.0,strangers
47,46,46_47,2_before,37.05,2.6499999999999986,4034.0,strangers
46,47,46_47,1_after,49.0,1.3500000000000014,4034.0,strangers
47,46,46_47,1_after,29.0,-5.399999999999999,4034.0,strangers
46,47,46_47,2_after,49.0,1.3500000000000014,4034.0,strangers
47,46,46_47,2_after,29.0,-5.399999999999999,4034.0,strangers
46,47,46_47,3_after,46.5,-1.1499999999999986,4034.0,strangers
47,46,46_47,3_after,29.0,-5.399999999999999,4034.0,strangers
21,22,21_22,3_before,88.0,0.0,3476.0,strangers
22,21,21_22,3_before,72.6,0.0,3476.0,strangers
21,22,21_22,long_gap,86.85714285714286,-1.1428571428571388,3476.0,strangers
22,21,21_22,long_gap,32.91428571428571,-39.68571428571428,3476.0,strangers
21,22,21_22,1_before,88.0,0.0,3476.0,strangers
22,21,21_22,1_before,74.75,2.1500000000000057,3476.0,strangers
21,22,21_22,2_before,87.65,-0.3499999999999943,3476.0,strangers
22,21,21_22,2_before,73.0,0.4000000000000057,3476.0,strangers
21,22,21_22,1_after,81.35,-6.650000000000006,3476.0,strangers
22,21,21_22,1_after,7.0,-65.6,3476.0,strangers
21,22,21_22,2_after,60.5,-27.5,3476.0,strangers
22,21,21_22,2_after,2.85,-69.75,3476.0,strangers
21,22,21_22,3_after,63.25,-24.75,3476.0,strangers
22,21,21_22,3_after,6.0,-66.6,3476.0,strangers
65,66,65_66,3_before,12.0,0.0,4090.0,strangers
66,65,65_66,3_before,73.85,0.0,4090.0,strangers
65,66,65_66,long_gap,12.0,0.0,4090.0,strangers
66,65,65_66,long_gap,74.0,0.15000000000000568,4090.0,strangers
65,66,65_66,1_before,12.0,0.0,4090.0,strangers
66,65,65_66,1_before,74.0,0.15000000000000568,4090.0,strangers
65,66,65_66,2_before,12.0,0.0,4090.0,strangers
66,65,65_66,2_before,74.0,0.15000000000000568,4090.0,strangers
65,66,65_66,1_after,12.0,0.0,4090.0,strangers
66,65,65_66,1_after,74.0,0.15000000000000568,4090.0,strangers
65,66,65_66,2_after,12.0,0.0,4090.0,strangers
66,65,65_66,2_after,74.0,0.15000000000000568,4090.0,strangers
65,66,65_66,3_after,12.0,0.0,4090.0,strangers
66,65,65_66,3_after,72.15,-1.6999999999999886,4090.0,strangers
65,62,65_62,3_before,0.0,0.0,3119.0,strangers
62,65,65_62,3_before,54.0,0.0,3119.0,strangers
65,62,65_62,long_gap,0.0,0.0,3119.0,strangers
62,65,65_62,long_gap,55.70967741935484,1.7096774193548399,3119.0,strangers
65,62,65_62,1_before,0.0,0.0,3119.0,strangers
62,65,65_62,1_before,54.0,0.0,3119.0,strangers
65,62,65_62,2_before,0.0,0.0,3119.0,strangers
62,65,65_62,2_before,54.0,0.0,3119.0,strangers
65,62,65_62,1_after,0.0,0.0,3119.0,strangers
62,65,65_62,1_after,65.25,11.25,3119.0,strangers
65,62,65_62,2_after,8.85,8.85,3119.0,strangers
62,65,65_62,2_after,65.0,11.0,3119.0,strangers
65,62,65_62,3_after,13.0,13.0,3119.0,strangers
62,65,65_62,3_after,65.0,11.0,3119.0,strangers
65,62,65_62,3_before,61.0,0.0,4418.0,strangers
62,65,65_62,3_before,47.0,0.0,4418.0,strangers
65,62,65_62,long_gap,84.0,23.0,4418.0,strangers
62,65,65_62,long_gap,27.333333333333332,-19.666666666666668,4418.0,strangers
65,62,65_62,1_before,84.3,23.299999999999997,4418.0,strangers
62,65,65_62,1_before,38.3,-8.700000000000003,4418.0,strangers
65,62,65_62,2_before,67.7,6.700000000000003,4418.0,strangers
62,65,65_62,2_before,47.0,0.0,4418.0,strangers
65,62,65_62,1_after,84.0,23.0,4418.0,strangers
62,65,65_62,1_after,27.0,-20.0,4418.0,strangers
65,62,65_62,2_after,84.0,23.0,4418.0,strangers
62,65,65_62,2_after,27.0,-20.0,4418.0,strangers
65,62,65_62,3_after,84.0,23.0,4418.0,strangers
62,65,65_62,3_after,34.25,-12.75,4418.0,strangers
69,62,69_62,3_before,72.0,0.0,3882.0,strangers
62,69,69_62,3_before,50.0,0.0,3882.0,strangers
69,62,69_62,long_gap,61.84615384615385,-10.153846153846153,3882.0,strangers
62,69,69_62,long_gap,50.0,0.0,3882.0,strangers
69,62,69_62,1_before,72.0,0.0,3882.0,strangers
62,69,69_62,1_before,50.0,0.0,3882.0,strangers
69,62,69_62,2_before,72.0,0.0,3882.0,strangers
62,69,69_62,2_before,50.0,0.0,3882.0,strangers
69,62,69_62,1_after,52.05,-19.950000000000003,3882.0,strangers
62,69,69_62,1_after,49.4,-0.6000000000000014,3882.0,strangers
69,62,69_62,2_after,56.2,-15.799999999999997,3882.0,strangers
62,69,69_62,2_after,42.25,-7.75,3882.0,strangers
69,62,69_62,3_after,57.0,-15.0,3882.0,strangers
62,69,69_62,3_after,42.0,-8.0,3882.0,strangers
69,62,69_62,3_before,81.0,0.0,3132.0,strangers
62,69,69_62,3_before,42.0,0.0,3132.0,strangers
69,62,69_62,long_gap,80.74193548387096,-0.25806451612903913,3132.0,strangers
62,69,69_62,long_gap,42.0,0.0,3132.0,strangers
69,62,69_62,1_before,81.0,0.0,3132.0,strangers
62,69,69_62,1_before,42.0,0.0,3132.0,strangers
69,62,69_62,2_before,81.0,0.0,3132.0,strangers
62,69,69_62,2_before,42.0,0.0,3132.0,strangers
69,62,69_62,1_after,78.0,-3.0,3132.0,strangers
62,69,69_62,1_after,45.6,3.6000000000000014,3132.0,strangers
69,62,69_62,2_after,78.0,-3.0,3132.0,strangers
62,69,69_62,2_after,51.0,9.0,3132.0,strangers
69,62,69_62,3_after,78.0,-3.0,3132.0,strangers
62,69,69_62,3_after,51.0,9.0,3132.0,strangers
46,42,46_42,3_before,0.0,0.0,3170.0,strangers
42,46,46_42,3_before,22.0,0.0,3170.0,strangers
46,42,46_42,long_gap,0.0,0.0,3170.0,strangers
42,46,46_42,long_gap,42.45161290322581,20.451612903225808,3170.0,strangers
46,42,46_42,1_before,0.0,0.0,3170.0,strangers
42,46,46_42,1_before,23.35,1.3500000000000014,3170.0,strangers
46,42,46_42,2_before,0.0,0.0,3170.0,strangers
42,46,46_42,2_before,22.0,0.0,3170.0,strangers
46,42,46_42,1_after,0.0,0.0,3170.0,strangers
42,46,46_42,1_after,45.0,23.0,3170.0,strangers
46,42,46_42,2_after,10.9,10.9,3170.0,strangers
42,46,46_42,2_after,45.05,23.049999999999997,3170.0,strangers
46,42,46_42,3_after,19.9,19.9,3170.0,strangers
42,46,46_42,3_after,47.2,25.200000000000003,3170.0,strangers
46,42,46_42,3_before,35.0,0.0,9167.0,strangers
42,46,46_42,3_before,43.6,0.0,9167.0,strangers
46,42,46_42,long_gap,33.17391304347826,-1.826086956521742,9167.0,strangers
42,46,46_42,long_gap,47.369565217391305,3.7695652173913032,9167.0,strangers
46,42,46_42,1_before,34.65,-0.3500000000000014,9167.0,strangers
42,46,46_42,1_before,46.3,2.6999999999999957,9167.0,strangers
46,42,46_42,2_before,35.0,0.0,9167.0,strangers
42,46,46_42,2_before,44.0,0.3999999999999986,9167.0,strangers
46,42,46_42,1_after,33.0,-2.0,9167.0,strangers
42,46,46_42,1_after,20.0,-23.6,9167.0,strangers
46,42,46_42,2_after,32.65,-2.3500000000000014,9167.0,strangers
42,46,46_42,2_after,13.0,-30.6,9167.0,strangers
46,42,46_42,3_after,33.0,-2.0,9167.0,strangers
42,46,46_42,3_after,13.0,-30.6,9167.0,strangers
46,42,46_42,3_before,33.0,0.0,6628.0,strangers
42,46,46_42,3_before,26.0,0.0,6628.0,strangers
46,42,46_42,long_gap,33.0,0.0,6628.0,strangers
42,46,46_42,long_gap,26.98507462686567,0.9850746268656714,6628.0,strangers
46,42,46_42,1_before,33.0,0.0,6628.0,strangers
42,46,46_42,1_before,25.0,-1.0,6628.0,strangers
46,42,46_42,2_before,33.0,0.0,6628.0,strangers
42,46,46_42,2_before,25.3,-0.6999999999999993,6628.0,strangers
46,42,46_42,1_after,33.0,0.0,6628.0,strangers
42,46,46_42,1_after,28.45,2.4499999999999993,6628.0,strangers
46,42,46_42,2_after,33.0,0.0,6628.0,strangers
42,46,46_42,2_after,29.0,3.0,6628.0,strangers
46,42,46_42,3_after,33.0,0.0,6628.0,strangers
42,46,46_42,3_after,29.0,3.0,6628.0,strangers
46,42,46_42,3_before,53.0,0.0,3988.0,strangers
42,46,46_42,3_before,42.0,0.0,3988.0,strangers
46,42,46_42,long_gap,53.0,0.0,3988.0,strangers
42,46,46_42,long_gap,42.0,0.0,3988.0,strangers
46,42,46_42,1_before,53.0,0.0,3988.0,strangers
42,46,46_42,1_before,42.0,0.0,3988.0,strangers
46,42,46_42,2_before,53.0,0.0,3988.0,strangers
42,46,46_42,2_before,42.0,0.0,3988.0,strangers
46,42,46_42,1_after,53.0,0.0,3988.0,strangers
42,46,46_42,1_after,42.0,0.0,3988.0,strangers
46,42,46_42,2_after,53.0,0.0,3988.0,strangers
42,46,46_42,2_after,42.0,0.0,3988.0,strangers
46,42,46_42,3_after,53.0,0.0,3988.0,strangers
42,46,46_42,3_after,42.0,0.0,3988.0,strangers
106,103,106_103,3_before,42.0,0.0,3078.0,strangers
103,106,106_103,3_before,76.0,0.0,3078.0,strangers
106,103,106_103,long_gap,42.0,0.0,3078.0,strangers
103,106,106_103,long_gap,69.0,-7.0,3078.0,strangers
106,103,106_103,1_before,42.0,0.0,3078.0,strangers
103,106,106_103,1_before,69.6,-6.400000000000006,3078.0,strangers
106,103,106_103,2_before,42.0,0.0,3078.0,strangers
103,106,106_103,2_before,84.6,8.599999999999994,3078.0,strangers
106,103,106_103,1_after,42.0,0.0,3078.0,strangers
103,106,106_103,1_after,69.0,-7.0,3078.0,strangers
106,103,106_103,2_after,42.0,0.0,3078.0,strangers
103,106,106_103,2_after,69.0,-7.0,3078.0,strangers
106,103,106_103,3_after,42.0,0.0,3078.0,strangers
103,106,106_103,3_after,69.0,-7.0,3078.0,strangers
44,46,44_46,3_before,39.45,0.0,3165.0,strangers
46,44,44_46,3_before,8.0,0.0,3165.0,strangers
44,46,44_46,long_gap,38.0,-1.4500000000000028,3165.0,strangers
46,44,44_46,long_gap,8.0,0.0,3165.0,strangers
44,46,44_46,1_before,38.85,-0.6000000000000014,3165.0,strangers
46,44,44_46,1_before,8.0,0.0,3165.0,strangers
44,46,44_46,2_before,39.0,-0.45000000000000284,3165.0,strangers
46,44,44_46,2_before,8.0,0.0,3165.0,strangers
44,46,44_46,1_after,38.0,-1.4500000000000028,3165.0,strangers
46,44,44_46,1_after,8.0,0.0,3165.0,strangers
44,46,44_46,2_after,38.0,-1.4500000000000028,3165.0,strangers
46,44,44_46,2_after,8.0,0.0,3165.0,strangers
44,46,44_46,3_after,38.0,-1.4500000000000028,3165.0,strangers
46,44,44_46,3_after,8.0,0.0,3165.0,strangers
44,46,44_46,3_before,42.0,0.0,3055.0,strangers
46,44,44_46,3_before,38.0,0.0,3055.0,strangers
44,46,44_46,long_gap,42.0,0.0,3055.0,strangers
46,44,44_46,long_gap,42.0,4.0,3055.0,strangers
44,46,44_46,1_before,42.0,0.0,3055.0,strangers
46,44,44_46,1_before,42.0,4.0,3055.0,strangers
44,46,44_46,2_before,42.0,0.0,3055.0,strangers
46,44,44_46,2_before,39.1,1.1000000000000014,3055.0,strangers
44,46,44_46,1_after,42.0,0.0,3055.0,strangers
46,44,44_46,1_after,42.0,4.0,3055.0,strangers
44,46,44_46,2_after,42.0,0.0,3055.0,strangers
46,44,44_46,2_after,42.0,4.0,3055.0,strangers
44,46,44_46,3_after,42.0,0.0,3055.0,strangers
46,44,44_46,3_after,42.0,4.0,3055.0,strangers
44,46,44_46,3_before,54.0,0.0,5647.0,strangers
46,44,44_46,3_before,52.35,0.0,5647.0,strangers
44,46,44_46,long_gap,54.0,0.0,5647.0,strangers
46,44,44_46,long_gap,14.0,-38.35,5647.0,strangers
44,46,44_46,1_before,54.0,0.0,5647.0,strangers
46,44,44_46,1_before,22.75,-29.6,5647.0,strangers
44,46,44_46,2_before,54.0,0.0,5647.0,strangers
46,44,44_46,2_before,53.0,0.6499999999999986,5647.0,strangers
44,46,44_46,1_after,54.0,0.0,5647.0,strangers
46,44,44_46,1_after,14.0,-38.35,5647.0,strangers
44,46,44_46,2_after,54.0,0.0,5647.0,strangers
46,44,44_46,2_after,14.0,-38.35,5647.0,strangers
44,46,44_46,3_after,54.0,0.0,5647.0,strangers
46,44,44_46,3_after,14.0,-38.35,5647.0,strangers
106,101,106_101,3_before,49.0,0.0,4668.0,strangers
101,106,106_101,3_before,31.0,0.0,4668.0,strangers
106,101,106_101,long_gap,49.0,0.0,4668.0,strangers
101,106,106_101,long_gap,50.0,19.0,4668.0,strangers
106,101,106_101,1_before,49.0,0.0,4668.0,strangers
101,106,106_101,1_before,50.0,19.0,4668.0,strangers
106,101,106_101,2_before,49.0,0.0,4668.0,strangers
101,106,106_101,2_before,40.3,9.299999999999997,4668.0,strangers
106,101,106_101,1_after,49.0,0.0,4668.0,strangers
101,106,106_101,1_after,50.0,19.0,4668.0,strangers
106,101,106_101,2_after,49.0,0.0,4668.0,strangers
101,106,106_101,2_after,50.0,19.0,4668.0,strangers
106,101,106_101,3_after,49.0,0.0,4668.0,strangers
101,106,106_101,3_after,50.0,19.0,4668.0,strangers
30,215,30_215,3_before,75.0,0.0,3072.0,friends
215,30,30_215,3_before,91.0,0.0,3072.0,friends
30,215,30_215,long_gap,79.0,4.0,3072.0,friends
215,30,30_215,long_gap,91.0,0.0,3072.0,friends
30,215,30_215,1_before,78.9,3.9000000000000057,3072.0,friends
215,30,30_215,1_before,91.0,0.0,3072.0,friends
30,215,30_215,2_before,75.05,0.04999999999999716,3072.0,friends
215,30,30_215,2_before,91.0,0.0,3072.0,friends
30,215,30_215,1_after,79.0,4.0,3072.0,friends
215,30,30_215,1_after,91.0,0.0,3072.0,friends
30,215,30_215,2_after,90.25,15.25,3072.0,friends
215,30,30_215,2_after,91.0,0.0,3072.0,friends
30,215,30_215,3_after,90.0,15.0,3072.0,friends
215,30,30_215,3_after,91.0,0.0,3072.0,friends
30,215,30_215,3_before,90.0,0.0,3485.0,friends
215,30,30_215,3_before,91.0,0.0,3485.0,friends
30,215,30_215,long_gap,90.0,0.0,3485.0,friends
215,30,30_215,long_gap,91.0,0.0,3485.0,friends
30,215,30_215,1_before,90.0,0.0,3485.0,friends
215,30,30_215,1_before,91.0,0.0,3485.0,friends
30,215,30_215,2_before,90.0,0.0,3485.0,friends
215,30,30_215,2_before,91.0,0.0,3485.0,friends
30,215,30_215,1_after,90.0,0.0,3485.0,friends
215,30,30_215,1_after,91.0,0.0,3485.0,friends
30,215,30_215,2_after,90.0,0.0,3485.0,friends
215,30,30_215,2_after,91.0,0.0,3485.0,friends
30,215,30_215,3_after,90.0,0.0,3485.0,friends
215,30,30_215,3_after,91.0,0.0,3485.0,friends
86,251,86_251,3_before,82.0,0.0,3372.0,friends
251,86,86_251,3_before,100.0,0.0,3372.0,friends
86,251,86_251,long_gap,72.58823529411765,-9.411764705882348,3372.0,friends
251,86,86_251,long_gap,100.0,0.0,3372.0,friends
86,251,86_251,1_before,76.95,-5.049999999999997,3372.0,friends
251,86,86_251,1_before,100.0,0.0,3372.0,friends
86,251,86_251,2_before,79.95,-2.049999999999997,3372.0,friends
251,86,86_251,2_before,100.0,0.0,3372.0,friends
86,251,86_251,1_after,72.0,-10.0,3372.0,friends
251,86,86_251,1_after,100.0,0.0,3372.0,friends
86,251,86_251,2_after,72.0,-10.0,3372.0,friends
251,86,86_251,2_after,100.0,0.0,3372.0,friends
86,251,86_251,3_after,72.0,-10.0,3372.0,friends
251,86,86_251,3_after,100.0,0.0,3372.0,friends
44,252,44_252,3_before,61.0,0.0,4528.0,friends
252,44,44_252,3_before,59.0,0.0,4528.0,friends
44,252,44_252,long_gap,61.0,0.0,4528.0,friends
252,44,44_252,long_gap,50.75555555555555,-8.244444444444447,4528.0,friends
44,252,44_252,1_before,61.0,0.0,4528.0,friends
252,44,44_252,1_before,59.0,0.0,4528.0,friends
44,252,44_252,2_before,61.0,0.0,4528.0,friends
252,44,44_252,2_before,59.0,0.0,4528.0,friends
44,252,44_252,1_after,61.0,0.0,4528.0,friends
252,44,44_252,1_after,25.9,-33.1,4528.0,friends
44,252,44_252,2_after,61.0,0.0,4528.0,friends
252,44,44_252,2_after,30.0,-29.0,4528.0,friends
44,252,44_252,3_after,38.25,-22.75,4528.0,friends
252,44,44_252,3_after,31.0,-28.0,4528.0,friends
44,252,44_252,3_before,80.0,0.0,3202.0,friends
252,44,44_252,3_before,44.0,0.0,3202.0,friends
44,252,44_252,long_gap,80.0,0.0,3202.0,friends
252,44,44_252,long_gap,42.0,-2.0,3202.0,friends
44,252,44_252,1_before,80.0,0.0,3202.0,friends
252,44,44_252,1_before,42.0,-2.0,3202.0,friends
44,252,44_252,2_before,80.0,0.0,3202.0,friends
252,44,44_252,2_before,42.21052631578947,-1.7894736842105274,3202.0,friends
44,252,44_252,1_after,80.0,0.0,3202.0,friends
252,44,44_252,1_after,42.4,-1.6000000000000014,3202.0,friends
44,252,44_252,2_after,81.0,1.0,3202.0,friends
252,44,44_252,2_after,44.85,0.8500000000000014,3202.0,friends
44,252,44_252,3_after,81.0,1.0,3202.0,friends
252,44,44_252,3_after,44.75,0.75,3202.0,friends
5,228,5_228,3_before,52.0,0.0,3300.0,friends
228,5,5_228,3_before,66.65,0.0,3300.0,friends
5,228,5_228,long_gap,45.0,-7.0,3300.0,friends
228,5,5_228,long_gap,61.28125,-5.368750000000006,3300.0,friends
5,228,5_228,1_before,46.473684210526315,-5.526315789473685,3300.0,friends
228,5,5_228,1_before,68.6842105263158,2.034210526315789,3300.0,friends
5,228,5_228,2_before,52.0,0.0,3300.0,friends
228,5,5_228,2_before,69.0,2.3499999999999943,3300.0,friends
5,228,5_228,1_after,52.578947368421055,0.5789473684210549,3300.0,friends
228,5,5_228,1_after,65.0,-1.6500000000000057,3300.0,friends
5,228,5_228,2_after,54.0,2.0,3300.0,friends
228,5,5_228,2_after,56.31578947368421,-10.334210526315793,3300.0,friends
5,228,5_228,3_after,54.0,2.0,3300.0,friends
228,5,5_228,3_after,60.8421052631579,-5.807894736842108,3300.0,friends
5,228,5_228,3_before,86.0,0.0,3157.0,friends
228,5,5_228,3_before,93.0,0.0,3157.0,friends
5,228,5_228,long_gap,88.90322580645162,2.9032258064516157,3157.0,friends
228,5,5_228,long_gap,90.90322580645162,-2.0967741935483843,3157.0,friends
5,228,5_228,1_before,86.0,0.0,3157.0,friends
228,5,5_228,1_before,92.0,-1.0,3157.0,friends
5,228,5_228,2_before,86.0,0.0,3157.0,friends
228,5,5_228,2_before,92.4,-0.5999999999999943,3157.0,friends
5,228,5_228,1_after,90.0,4.0,3157.0,friends
228,5,5_228,1_after,82.4,-10.599999999999994,3157.0,friends
5,228,5_228,2_after,90.0,4.0,3157.0,friends
228,5,5_228,2_after,84.85,-8.150000000000006,3157.0,friends
5,228,5_228,3_after,89.1,3.0999999999999943,3157.0,friends
228,5,5_228,3_after,85.0,-8.0,3157.0,friends
44,253,44_253,3_before,33.0,0.0,4852.0,friends
253,44,44_253,3_before,51.1,0.0,4852.0,friends
44,253,44_253,long_gap,35.6875,2.6875,4852.0,friends
253,44,44_253,long_gap,60.854166666666664,9.754166666666663,4852.0,friends
44,253,44_253,1_before,33.0,0.0,4852.0,friends
253,44,44_253,1_before,60.0,8.899999999999999,4852.0,friends
44,253,44_253,2_before,33.0,0.0,4852.0,friends
253,44,44_253,2_before,59.6,8.5,4852.0,friends
44,253,44_253,1_after,37.3,4.299999999999997,4852.0,friends
253,44,44_253,1_after,61.0,9.899999999999999,4852.0,friends
44,253,44_253,2_after,38.0,5.0,4852.0,friends
253,44,44_253,2_after,61.0,9.899999999999999,4852.0,friends
44,253,44_253,3_after,38.0,5.0,4852.0,friends
253,44,44_253,3_after,61.0,9.899999999999999,4852.0,friends
44,253,44_253,3_before,67.0,0.0,4780.0,friends
253,44,44_253,3_before,74.0,0.0,4780.0,friends
44,253,44_253,long_gap,66.63829787234043,-0.36170212765956933,4780.0,friends
253,44,44_253,long_gap,74.0,0.0,4780.0,friends
44,253,44_253,1_before,67.0,0.0,4780.0,friends
253,44,44_253,1_before,74.0,0.0,4780.0,friends
44,253,44_253,2_before,67.0,0.0,4780.0,friends
253,44,44_253,2_before,74.0,0.0,4780.0,friends
44,253,44_253,1_after,60.0,-7.0,4780.0,friends
253,44,44_253,1_after,74.0,0.0,4780.0,friends
44,253,44_253,2_after,60.0,-7.0,4780.0,friends
253,44,44_253,2_after,74.0,0.0,4780.0,friends
44,253,44_253,3_after,60.55,-6.450000000000003,4780.0,friends
253,44,44_253,3_after,74.0,0.0,4780.0,friends
44,253,44_253,3_before,74.0,0.0,3620.0,friends
253,44,44_253,3_before,74.0,0.0,3620.0,friends
44,253,44_253,long_gap,74.0,0.0,3620.0,friends
253,44,44_253,long_gap,74.0,0.0,3620.0,friends
44,253,44_253,1_before,74.0,0.0,3620.0,friends
253,44,44_253,1_before,74.0,0.0,3620.0,friends
44,253,44_253,2_before,74.0,0.0,3620.0,friends
253,44,44_253,2_before,74.0,0.0,3620.0,friends
44,253,44_253,1_after,74.0,0.0,3620.0,friends
253,44,44_253,1_after,74.0,0.0,3620.0,friends
44,253,44_253,2_after,74.0,0.0,3620.0,friends
253,44,44_253,2_after,74.8,0.7999999999999972,3620.0,friends
44,253,44_253,3_after,74.0,0.0,3620.0,friends
253,44,44_253,3_after,78.0,4.0,3620.0,friends
44,253,44_253,3_before,83.0,0.0,3005.0,friends
253,44,44_253,3_before,78.0,0.0,3005.0,friends
44,253,44_253,long_gap,83.0,0.0,3005.0,friends
253,44,44_253,long_gap,78.0,0.0,3005.0,friends
44,253,44_253,1_before,83.0,0.0,3005.0,friends
253,44,44_253,1_before,78.0,0.0,3005.0,friends
44,253,44_253,2_before,83.0,0.0,3005.0,friends
253,44,44_253,2_before,78.0,0.0,3005.0,friends
44,253,44_253,1_after,83.0,0.0,3005.0,friends
253,44,44_253,1_after,78.0,0.0,3005.0,friends
44,253,44_253,2_after,83.0,0.0,3005.0,friends
253,44,44_253,2_after,78.0,0.0,3005.0,friends
44,253,44_253,3_after,83.0,0.0,3005.0,friends
253,44,44_253,3_after,78.0,0.0,3005.0,friends
44,253,44_253,3_before,83.0,0.0,4567.0,friends
253,44,44_253,3_before,78.0,0.0,4567.0,friends
44,253,44_253,long_gap,83.0,0.0,4567.0,friends
253,44,44_253,long_gap,78.0,0.0,4567.0,friends
44,253,44_253,1_before,83.0,0.0,4567.0,friends
253,44,44_253,1_before,78.0,0.0,4567.0,friends
44,253,44_253,2_before,83.0,0.0,4567.0,friends
253,44,44_253,2_before,78.0,0.0,4567.0,friends
44,253,44_253,1_after,83.0,0.0,4567.0,friends
253,44,44_253,1_after,78.0,0.0,4567.0,friends
44,253,44_253,2_after,83.0,0.0,4567.0,friends
253,44,44_253,2_after,78.0,0.0,4567.0,friends
44,253,44_253,3_after,83.0,0.0,4567.0,friends
253,44,44_253,3_after,78.0,0.0,4567.0,friends
11,240,11_240,3_before,95.0,0.0,7773.0,friends
240,11,11_240,3_before,88.65,0.0,7773.0,friends
11,240,11_240,long_gap,95.0,0.0,7773.0,friends
240,11,11_240,long_gap,81.71428571428571,-6.9357142857142975,7773.0,friends
11,240,11_240,1_before,95.0,0.0,7773.0,friends
240,11,11_240,1_before,87.25,-1.4000000000000057,7773.0,friends
11,240,11_240,2_before,95.0,0.0,7773.0,friends
240,11,11_240,2_before,88.0,-0.6500000000000057,7773.0,friends
11,240,11_240,1_after,91.25,-3.75,7773.0,friends
240,11,11_240,1_after,87.35,-1.3000000000000114,7773.0,friends
11,240,11_240,2_after,79.0,-16.0,7773.0,friends
240,11,11_240,2_after,85.85,-2.8000000000000114,7773.0,friends
11,240,11_240,3_after,79.9,-15.099999999999994,7773.0,friends
240,11,11_240,3_after,87.7,-0.9500000000000028,7773.0,friends
101,204,101_204,3_before,76.0,0.0,3829.0,friends
204,101,101_204,3_before,13.15,0.0,3829.0,friends
101,204,101_204,long_gap,77.42105263157895,1.4210526315789451,3829.0,friends
204,101,101_204,long_gap,43.0,29.85,3829.0,friends
101,204,101_204,1_before,79.0,3.0,3829.0,friends
204,101,101_204,1_before,41.85,28.700000000000003,3829.0,friends
101,204,101_204,2_before,78.0,2.0,3829.0,friends
204,101,101_204,2_before,25.65,12.499999999999998,3829.0,friends
101,204,101_204,1_after,76.2,0.20000000000000284,3829.0,friends
204,101,101_204,1_after,43.0,29.85,3829.0,friends
101,204,101_204,2_after,77.0,1.0,3829.0,friends
204,101,101_204,2_after,43.0,29.85,3829.0,friends
101,204,101_204,3_after,77.0,1.0,3829.0,friends
204,101,101_204,3_after,43.0,29.85,3829.0,friends
25,209,25_209,3_before,90.0,0.0,3706.0,friends
209,25,25_209,3_before,81.0,0.0,3706.0,friends
25,209,25_209,long_gap,90.0,0.0,3706.0,friends
209,25,25_209,long_gap,80.8108108108108,-0.18918918918919303,3706.0,friends
25,209,25_209,1_before,90.0,0.0,3706.0,friends
209,25,25_209,1_before,81.0,0.0,3706.0,friends
25,209,25_209,2_before,90.0,0.0,3706.0,friends
209,25,25_209,2_before,81.0,0.0,3706.0,friends
25,209,25_209,1_after,90.0,0.0,3706.0,friends
209,25,25_209,1_after,80.95,-0.04999999999999716,3706.0,friends
25,209,25_209,2_after,90.0,0.0,3706.0,friends
209,25,25_209,2_after,80.0,-1.0,3706.0,friends
25,209,25_209,3_after,90.0,0.0,3706.0,friends
209,25,25_209,3_after,80.0,-1.0,3706.0,friends
107,234,107_234,3_before,96.0,0.0,3862.0,friends
234,107,107_234,3_before,26.0,0.0,3862.0,friends
107,234,107_234,long_gap,96.39473684210526,0.39473684210526017,3862.0,friends
234,107,107_234,long_gap,73.0,47.0,3862.0,friends
107,234,107_234,1_before,96.0,0.0,3862.0,friends
234,107,107_234,1_before,70.85,44.849999999999994,3862.0,friends
107,234,107_234,2_before,96.0,0.0,3862.0,friends
234,107,107_234,2_before,33.55,7.549999999999997,3862.0,friends
107,234,107_234,1_after,99.0,3.0,3862.0,friends
234,107,107_234,1_after,73.0,47.0,3862.0,friends
107,234,107_234,2_after,99.0,3.0,3862.0,friends
234,107,107_234,2_after,73.0,47.0,3862.0,friends
107,234,107_234,3_after,99.0,3.0,3862.0,friends
234,107,107_234,3_after,73.0,47.0,3862.0,friends
107,234,107_234,3_before,94.0,0.0,3139.0,friends
234,107,107_234,3_before,68.5,0.0,3139.0,friends
107,234,107_234,long_gap,97.90322580645162,3.9032258064516157,3139.0,friends
234,107,107_234,long_gap,73.0,4.5,3139.0,friends
107,234,107_234,1_before,94.0,0.0,3139.0,friends
234,107,107_234,1_before,73.0,4.5,3139.0,friends
107,234,107_234,2_before,94.0,0.0,3139.0,friends
234,107,107_234,2_before,73.0,4.5,3139.0,friends
107,234,107_234,1_after,99.75,5.75,3139.0,friends
234,107,107_234,1_after,73.0,4.5,3139.0,friends
107,234,107_234,2_after,99.0,5.0,3139.0,friends
234,107,107_234,2_after,73.0,4.5,3139.0,friends
107,234,107_234,3_after,97.95,3.950000000000003,3139.0,friends
234,107,107_234,3_after,73.0,4.5,3139.0,friends
8,243,8_243,3_before,71.0,0.0,4623.0,friends
243,8,8_243,3_before,54.0,0.0,4623.0,friends
8,243,8_243,long_gap,87.1086956521739,16.108695652173907,4623.0,friends
243,8,8_243,long_gap,61.19565217391305,7.195652173913047,4623.0,friends
8,243,8_243,1_before,58.1,-12.899999999999999,4623.0,friends
243,8,8_243,1_before,55.75,1.75,4623.0,friends
8,243,8_243,2_before,67.3,-3.700000000000003,4623.0,friends
243,8,8_243,2_before,54.0,0.0,4623.0,friends
8,243,8_243,1_after,51.1,-19.9,4623.0,friends
243,8,8_243,1_after,64.55,10.549999999999997,4623.0,friends
8,243,8_243,2_after,18.05,-52.95,4623.0,friends
243,8,8_243,2_after,65.0,11.0,4623.0,friends
8,243,8_243,3_after,33.15,-37.85,4623.0,friends
243,8,8_243,3_after,65.0,11.0,4623.0,friends
8,243,8_243,3_before,65.0,0.0,4758.0,friends
243,8,8_243,3_before,99.0,0.0,4758.0,friends
8,243,8_243,long_gap,85.77083333333333,20.77083333333333,4758.0,friends
243,8,8_243,long_gap,99.22916666666667,0.2291666666666714,4758.0,friends
8,243,8_243,1_before,81.6,16.599999999999994,4758.0,friends
243,8,8_243,1_before,99.0,0.0,4758.0,friends
8,243,8_243,2_before,71.9,6.900000000000006,4758.0,friends
243,8,8_243,2_before,99.0,0.0,4758.0,friends
8,243,8_243,1_after,89.2,24.200000000000003,4758.0,friends
243,8,8_243,1_after,100.0,1.0,4758.0,friends
8,243,8_243,2_after,90.0,25.0,4758.0,friends
243,8,8_243,2_after,100.0,1.0,4758.0,friends
8,243,8_243,3_after,58.75,-6.25,4758.0,friends
243,8,8_243,3_after,100.0,1.0,4758.0,friends
86,227,86_227,3_before,65.0,0.0,3074.0,friends
227,86,86_227,3_before,48.0,0.0,3074.0,friends
86,227,86_227,long_gap,65.58064516129032,0.5806451612903203,3074.0,friends
227,86,86_227,long_gap,63.45161290322581,15.451612903225808,3074.0,friends
86,227,86_227,1_before,65.0,0.0,3074.0,friends
227,86,86_227,1_before,61.75,13.75,3074.0,friends
86,227,86_227,2_before,65.0,0.0,3074.0,friends
227,86,86_227,2_before,51.4,3.3999999999999986,3074.0,friends
86,227,86_227,1_after,66.0,1.0,3074.0,friends
227,86,86_227,1_after,57.55,9.549999999999997,3074.0,friends
86,227,86_227,2_after,66.0,1.0,3074.0,friends
227,86,86_227,2_after,50.0,2.0,3074.0,friends
86,227,86_227,3_after,66.0,1.0,3074.0,friends
227,86,86_227,3_after,55.85,7.850000000000001,3074.0,friends
8,244,8_244,3_before,99.0,0.0,3998.0,friends
244,8,8_244,3_before,92.0,0.0,3998.0,friends
8,244,8_244,long_gap,99.0,0.0,3998.0,friends
244,8,8_244,long_gap,93.15,1.1500000000000057,3998.0,friends
8,244,8_244,1_before,99.0,0.0,3998.0,friends
244,8,8_244,1_before,92.0,0.0,3998.0,friends
8,244,8_244,2_before,99.0,0.0,3998.0,friends
244,8,8_244,2_before,92.0,0.0,3998.0,friends
8,244,8_244,1_after,99.0,0.0,3998.0,friends
244,8,8_244,1_after,96.75,4.75,3998.0,friends
8,244,8_244,2_after,99.0,0.0,3998.0,friends
244,8,8_244,2_after,97.0,5.0,3998.0,friends
8,244,8_244,3_after,99.0,0.0,3998.0,friends
244,8,8_244,3_after,97.0,5.0,3998.0,friends
85,256,85_256,3_before,99.0,0.0,3180.0,friends
256,85,85_256,3_before,94.0,0.0,3180.0,friends
85,256,85_256,long_gap,98.0,-1.0,3180.0,friends
256,85,85_256,long_gap,82.5,-11.5,3180.0,friends
85,256,85_256,1_before,97.8,-1.2000000000000028,3180.0,friends
256,85,85_256,1_before,93.65,-0.3499999999999943,3180.0,friends
85,256,85_256,2_before,98.55,-0.45000000000000284,3180.0,friends
256,85,85_256,2_before,94.0,0.0,3180.0,friends
85,256,85_256,1_after,98.6,-0.4000000000000057,3180.0,friends
256,85,85_256,1_after,65.1,-28.900000000000006,3180.0,friends
85,256,85_256,2_after,98.65,-0.3499999999999943,3180.0,friends
256,85,85_256,2_after,65.0,-29.0,3180.0,friends
85,256,85_256,3_after,98.5,-0.5,3180.0,friends
256,85,85_256,3_after,65.5,-28.5,3180.0,friends
85,256,85_256,3_before,86.5,0.0,3526.0,friends
256,85,85_256,3_before,75.5,0.0,3526.0,friends
85,256,85_256,long_gap,88.48571428571428,1.9857142857142804,3526.0,friends
256,85,85_256,long_gap,80.54285714285714,5.0428571428571445,3526.0,friends
85,256,85_256,1_before,80.45,-6.049999999999997,3526.0,friends
256,85,85_256,1_before,76.75,1.25,3526.0,friends
85,256,85_256,2_before,76.75,-9.75,3526.0,friends
256,85,85_256,2_before,75.35,-0.15000000000000568,3526.0,friends
85,256,85_256,1_after,91.0,4.5,3526.0,friends
256,85,85_256,1_after,71.95,-3.549999999999997,3526.0,friends
85,256,85_256,2_after,91.85,5.349999999999994,3526.0,friends
256,85,85_256,2_after,76.0,0.5,3526.0,friends
85,256,85_256,3_after,93.0,6.5,3526.0,friends
256,85,85_256,3_after,74.2,-1.2999999999999972,3526.0,friends
85,256,85_256,3_before,95.0,0.0,3904.0,friends
256,85,85_256,3_before,79.0,0.0,3904.0,friends
85,256,85_256,long_gap,73.97435897435898,-21.025641025641022,3904.0,friends
256,85,85_256,long_gap,79.0,0.0,3904.0,friends
85,256,85_256,1_before,91.2,-3.799999999999997,3904.0,friends
256,85,85_256,1_before,79.0,0.0,3904.0,friends
85,256,85_256,2_before,95.25,0.25,3904.0,friends
256,85,85_256,2_before,79.0,0.0,3904.0,friends
85,256,85_256,1_after,55.7,-39.3,3904.0,friends
256,85,85_256,1_after,79.0,0.0,3904.0,friends
85,256,85_256,2_after,55.95,-39.05,3904.0,friends
256,85,85_256,2_after,79.0,0.0,3904.0,friends
85,256,85_256,3_after,58.3,-36.7,3904.0,friends
256,85,85_256,3_after,79.0,0.0,3904.0,friends
50,229,50_229,3_before,75.0,0.0,4354.0,friends
229,50,50_229,3_before,0.0,0.0,4354.0,friends
50,229,50_229,long_gap,75.0,0.0,4354.0,friends
229,50,50_229,long_gap,0.0,0.0,4354.0,friends
50,229,50_229,1_before,75.0,0.0,4354.0,friends
229,50,50_229,1_before,0.0,0.0,4354.0,friends
50,229,50_229,2_before,75.0,0.0,4354.0,friends
229,50,50_229,2_before,0.0,0.0,4354.0,friends
50,229,50_229,1_after,75.0,0.0,4354.0,friends
229,50,50_229,1_after,0.0,0.0,4354.0,friends
50,229,50_229,2_after,75.0,0.0,4354.0,friends
229,50,50_229,2_after,0.0,0.0,4354.0,friends
50,229,50_229,3_after,75.0,0.0,4354.0,friends
229,50,50_229,3_after,0.0,0.0,4354.0,friends
50,229,50_229,3_before,75.0,0.0,3798.0,friends
229,50,50_229,3_before,0.0,0.0,3798.0,friends
50,229,50_229,long_gap,75.0,0.0,3798.0,friends
229,50,50_229,long_gap,0.0,0.0,3798.0,friends
50,229,50_229,1_before,75.0,0.0,3798.0,friends
229,50,50_229,1_before,0.0,0.0,3798.0,friends
50,229,50_229,2_before,75.0,0.0,3798.0,friends
229,50,50_229,2_before,0.0,0.0,3798.0,friends
50,229,50_229,1_after,75.0,0.0,3798.0,friends
229,50,50_229,1_after,0.0,0.0,3798.0,friends
50,229,50_229,2_after,75.0,0.0,3798.0,friends
229,50,50_229,2_after,0.0,0.0,3798.0,friends
50,229,50_229,3_after,75.0,0.0,3798.0,friends
229,50,50_229,3_after,0.0,0.0,3798.0,friends
50,229,50_229,3_before,99.0,0.0,3106.0,friends
229,50,50_229,3_before,49.0,0.0,3106.0,friends
50,229,50_229,long_gap,99.0,0.0,3106.0,friends
229,50,50_229,long_gap,49.0,0.0,3106.0,friends
50,229,50_229,1_before,99.0,0.0,3106.0,friends
229,50,50_229,1_before,49.0,0.0,3106.0,friends
50,229,50_229,2_before,99.0,0.0,3106.0,friends
229,50,50_229,2_before,49.0,0.0,3106.0,friends
50,229,50_229,1_after,99.0,0.0,3106.0,friends
229,50,50_229,1_after,49.0,0.0,3106.0,friends
50,229,50_229,2_after,99.0,0.0,3106.0,friends
229,50,50_229,2_after,49.0,0.0,3106.0,friends
50,229,50_229,3_after,99.0,0.0,3106.0,friends
229,50,50_229,3_after,48.65,-0.3500000000000014,3106.0,friends
107,233,107_233,3_before,100.0,0.0,3017.0,friends
233,107,107_233,3_before,84.0,0.0,3017.0,friends
107,233,107_233,long_gap,100.0,0.0,3017.0,friends
233,107,107_233,long_gap,84.0,0.0,3017.0,friends
107,233,107_233,1_before,100.0,0.0,3017.0,friends
233,107,107_233,1_before,84.0,0.0,3017.0,friends
107,233,107_233,2_before,100.0,0.0,3017.0,friends
233,107,107_233,2_before,84.0,0.0,3017.0,friends
107,233,107_233,1_after,100.0,0.0,3017.0,friends
233,107,107_233,1_after,84.0,0.0,3017.0,friends
107,233,107_233,2_after,95.65,-4.349999999999994,3017.0,friends
233,107,107_233,2_after,84.0,0.0,3017.0,friends
107,233,107_233,3_after,92.4,-7.599999999999994,3017.0,friends
233,107,107_233,3_after,84.0,0.0,3017.0,friends
67,210,67_210,3_before,57.78947368421053,0.0,3889.0,friends
210,67,67_210,3_before,45.7,0.0,3889.0,friends
67,210,67_210,long_gap,74.10526315789474,16.315789473684212,3889.0,friends
210,67,67_210,long_gap,63.0,17.299999999999997,3889.0,friends
67,210,67_210,1_before,60.36842105263158,2.578947368421055,3889.0,friends
210,67,67_210,1_before,59.9,14.199999999999996,3889.0,friends
67,210,67_210,2_before,58.0,0.21052631578947256,3889.0,friends
210,67,67_210,2_before,42.05,-3.6500000000000057,3889.0,friends
67,210,67_210,1_after,83.8,26.01052631578947,3889.0,friends
210,67,67_210,1_after,62.6,16.9,3889.0,friends
67,210,67_210,2_after,71.75,13.960526315789473,3889.0,friends
210,67,67_210,2_after,51.3,5.599999999999994,3889.0,friends
67,210,67_210,3_after,65.4,7.610526315789478,3889.0,friends
210,67,67_210,3_after,51.0,5.299999999999997,3889.0,friends
63,224,63_224,3_before,85.0,0.0,3155.0,friends
224,63,63_224,3_before,100.0,0.0,3155.0,friends
63,224,63_224,long_gap,95.38709677419355,10.387096774193552,3155.0,friends
224,63,63_224,long_gap,100.0,0.0,3155.0,friends
63,224,63_224,1_before,85.0,0.0,3155.0,friends
224,63,63_224,1_before,100.0,0.0,3155.0,friends
63,224,63_224,2_before,85.0,0.0,3155.0,friends
224,63,63_224,2_before,100.0,0.0,3155.0,friends
63,224,63_224,1_after,100.0,15.0,3155.0,friends
224,63,63_224,1_after,100.0,0.0,3155.0,friends
63,224,63_224,2_after,100.0,15.0,3155.0,friends
224,63,63_224,2_after,100.0,0.0,3155.0,friends
63,224,63_224,3_after,100.0,15.0,3155.0,friends
224,63,63_224,3_after,100.0,0.0,3155.0,friends
85,255,85_255,3_before,100.0,0.0,3264.0,friends
255,85,85_255,3_before,50.0,0.0,3264.0,friends
85,255,85_255,long_gap,100.0,0.0,3264.0,friends
255,85,85_255,long_gap,50.0,0.0,3264.0,friends
85,255,85_255,1_before,100.0,0.0,3264.0,friends
255,85,85_255,1_before,50.0,0.0,3264.0,friends
85,255,85_255,2_before,100.0,0.0,3264.0,friends
255,85,85_255,2_before,50.0,0.0,3264.0,friends
85,255,85_255,1_after,100.0,0.0,3264.0,friends
255,85,85_255,1_after,50.0,0.0,3264.0,friends
85,255,85_255,2_after,99.7,-0.29999999999999716,3264.0,friends
255,85,85_255,2_after,50.0,0.0,3264.0,friends
85,255,85_255,3_after,98.8,-1.2000000000000028,3264.0,friends
255,85,85_255,3_after,50.0,0.0,3264.0,friends
86,239,86_239,3_before,66.0,0.0,3616.0,friends
239,86,86_239,3_before,79.0,0.0,3616.0,friends
86,239,86_239,long_gap,66.0,0.0,3616.0,friends
239,86,86_239,long_gap,85.0,6.0,3616.0,friends
86,239,86_239,1_before,66.0,0.0,3616.0,friends
239,86,86_239,1_before,85.0,6.0,3616.0,friends
86,239,86_239,2_before,66.0,0.0,3616.0,friends
239,86,86_239,2_before,81.3,2.299999999999997,3616.0,friends
86,239,86_239,1_after,66.0,0.0,3616.0,friends
239,86,86_239,1_after,85.0,6.0,3616.0,friends
86,239,86_239,2_after,66.0,0.0,3616.0,friends
239,86,86_239,2_after,85.0,6.0,3616.0,friends
86,239,86_239,3_after,66.0,0.0,3616.0,friends
239,86,86_239,3_after,85.0,6.0,3616.0,friends
86,239,86_239,3_before,65.0,0.0,4614.0,friends
239,86,86_239,3_before,88.0,0.0,4614.0,friends
86,239,86_239,long_gap,65.0,0.0,4614.0,friends
239,86,86_239,long_gap,88.0,0.0,4614.0,friends
86,239,86_239,1_before,65.0,0.0,4614.0,friends
239,86,86_239,1_before,88.0,0.0,4614.0,friends
86,239,86_239,2_before,65.0,0.0,4614.0,friends
239,86,86_239,2_before,88.0,0.0,4614.0,friends
86,239,86_239,1_after,65.0,0.0,4614.0,friends
239,86,86_239,1_after,88.0,0.0,4614.0,friends
86,239,86_239,2_after,65.0,0.0,4614.0,friends
239,86,86_239,2_after,88.0,0.0,4614.0,friends
86,239,86_239,3_after,65.0,0.0,4614.0,friends
239,86,86_239,3_after,88.0,0.0,4614.0,friends
86,239,86_239,3_before,65.0,0.0,6261.0,friends
239,86,86_239,3_before,88.0,0.0,6261.0,friends
86,239,86_239,long_gap,81.03225806451613,16.032258064516128,6261.0,friends
239,86,86_239,long_gap,88.0,0.0,6261.0,friends
86,239,86_239,1_before,70.2,5.200000000000003,6261.0,friends
239,86,86_239,1_before,88.0,0.0,6261.0,friends
86,239,86_239,2_before,65.0,0.0,6261.0,friends
239,86,86_239,2_before,88.0,0.0,6261.0,friends
86,239,86_239,1_after,81.0,16.0,6261.0,friends
239,86,86_239,1_after,88.0,0.0,6261.0,friends
86,239,86_239,2_after,81.0,16.0,6261.0,friends
239,86,86_239,2_after,88.0,0.0,6261.0,friends
86,239,86_239,3_after,81.0,16.0,6261.0,friends
239,86,86_239,3_after,88.0,0.0,6261.0,friends
49,225,49_225,3_before,89.6,0.0,4627.0,friends
225,49,49_225,3_before,97.0,0.0,4627.0,friends
49,225,49_225,long_gap,89.95652173913044,0.35652173913044294,4627.0,friends
225,49,49_225,long_gap,97.0,0.0,4627.0,friends
49,225,49_225,1_before,85.8,-3.799999999999997,4627.0,friends
225,49,49_225,1_before,97.0,0.0,4627.0,friends
49,225,49_225,2_before,85.0,-4.599999999999994,4627.0,friends
225,49,49_225,2_before,97.0,0.0,4627.0,friends
49,225,49_225,1_after,90.0,0.4000000000000057,4627.0,friends
225,49,49_225,1_after,94.65,-2.3499999999999943,4627.0,friends
49,225,49_225,2_after,90.6,1.0,4627.0,friends
225,49,49_225,2_after,80.7,-16.299999999999997,4627.0,friends
49,225,49_225,3_after,97.3,7.700000000000003,4627.0,friends
225,49,49_225,3_after,79.0,-18.0,4627.0,friends
29,242,29_242,3_before,64.0,0.0,3509.0,friends
242,29,29_242,3_before,63.0,0.0,3509.0,friends
29,242,29_242,long_gap,68.74285714285715,4.742857142857147,3509.0,friends
242,29,29_242,long_gap,67.91428571428571,4.914285714285711,3509.0,friends
29,242,29_242,1_before,65.6,1.5999999999999943,3509.0,friends
242,29,29_242,1_before,64.6,1.5999999999999943,3509.0,friends
29,242,29_242,2_before,64.0,0.0,3509.0,friends
242,29,29_242,2_before,63.15,0.14999999999999858,3509.0,friends
29,242,29_242,1_after,69.0,5.0,3509.0,friends
242,29,29_242,1_after,69.95,6.950000000000003,3509.0,friends
29,242,29_242,2_after,74.85,10.849999999999994,3509.0,friends
242,29,29_242,2_after,72.9,9.900000000000006,3509.0,friends
29,242,29_242,3_after,77.45,13.450000000000003,3509.0,friends
242,29,29_242,3_after,71.2,8.200000000000003,3509.0,friends
29,242,29_242,3_before,83.0,0.0,3235.0,friends
242,29,29_242,3_before,69.0,0.0,3235.0,friends
29,242,29_242,long_gap,83.0,0.0,3235.0,friends
242,29,29_242,long_gap,69.0,0.0,3235.0,friends
29,242,29_242,1_before,83.0,0.0,3235.0,friends
242,29,29_242,1_before,69.0,0.0,3235.0,friends
29,242,29_242,2_before,83.0,0.0,3235.0,friends
242,29,29_242,2_before,69.0,0.0,3235.0,friends
29,242,29_242,1_after,83.0,0.0,3235.0,friends
242,29,29_242,1_after,69.0,0.0,3235.0,friends
29,242,29_242,2_after,83.0,0.0,3235.0,friends
242,29,29_242,2_after,69.0,0.0,3235.0,friends
29,242,29_242,3_after,84.2,1.2000000000000028,3235.0,friends
242,29,29_242,3_after,69.0,0.0,3235.0,friends
29,237,29_237,3_before,82.0,0.0,3126.0,friends
237,29,29_237,3_before,65.45,0.0,3126.0,friends
29,237,29_237,long_gap,82.0,0.0,3126.0,friends
237,29,29_237,long_gap,53.0625,-12.387500000000003,3126.0,friends
29,237,29_237,1_before,82.0,0.0,3126.0,friends
237,29,29_237,1_before,55.5,-9.950000000000003,3126.0,friends
29,237,29_237,2_before,82.0,0.0,3126.0,friends
237,29,29_237,2_before,59.25,-6.200000000000003,3126.0,friends
29,237,29_237,1_after,82.0,0.0,3126.0,friends
237,29,29_237,1_after,40.65,-24.800000000000004,3126.0,friends
29,237,29_237,2_after,82.0,0.0,3126.0,friends
237,29,29_237,2_after,45.35,-20.1,3126.0,friends
29,237,29_237,3_after,82.0,0.0,3126.0,friends
237,29,29_237,3_after,59.05,-6.400000000000006,3126.0,friends
23,254,23_254,3_before,62.0,0.0,4982.0,friends
254,23,23_254,3_before,88.0,0.0,4982.0,friends
23,254,23_254,long_gap,62.0,0.0,4982.0,friends
254,23,23_254,long_gap,71.34,-16.659999999999997,4982.0,friends
23,254,23_254,1_before,62.0,0.0,4982.0,friends
254,23,23_254,1_before,34.6,-53.4,4982.0,friends
23,254,23_254,2_before,62.0,0.0,4982.0,friends
254,23,23_254,2_before,68.95,-19.049999999999997,4982.0,friends
23,254,23_254,1_after,62.0,0.0,4982.0,friends
254,23,23_254,1_after,98.5,10.5,4982.0,friends
23,254,23_254,2_after,62.0,0.0,4982.0,friends
254,23,23_254,2_after,98.0,10.0,4982.0,friends
23,254,23_254,3_after,63.85,1.8500000000000014,4982.0,friends
254,23,23_254,3_after,98.0,10.0,4982.0,friends
23,254,23_254,3_before,100.0,0.0,4187.0,friends
254,23,23_254,3_before,93.0,0.0,4187.0,friends
23,254,23_254,long_gap,100.0,0.0,4187.0,friends
254,23,23_254,long_gap,96.30952380952381,3.30952380952381,4187.0,friends
23,254,23_254,1_before,100.0,0.0,4187.0,friends
254,23,23_254,1_before,93.0,0.0,4187.0,friends
23,254,23_254,2_before,100.0,0.0,4187.0,friends
254,23,23_254,2_before,93.0,0.0,4187.0,friends
23,254,23_254,1_after,100.0,0.0,4187.0,friends
254,23,23_254,1_after,98.0,5.0,4187.0,friends
23,254,23_254,2_after,100.0,0.0,4187.0,friends
254,23,23_254,2_after,98.0,5.0,4187.0,friends
23,254,23_254,3_after,100.0,0.0,4187.0,friends
254,23,23_254,3_after,73.7,-19.299999999999997,4187.0,friends
23,254,23_254,3_before,100.0,0.0,5152.0,friends
254,23,23_254,3_before,96.6842105263158,0.0,5152.0,friends
23,254,23_254,long_gap,100.0,0.0,5152.0,friends
254,23,23_254,long_gap,87.59615384615384,-9.088056680161955,5152.0,friends
23,254,23_254,1_before,100.0,0.0,5152.0,friends
254,23,23_254,1_before,95.45,-1.2342105263157919,5152.0,friends
23,254,23_254,2_before,100.0,0.0,5152.0,friends
254,23,23_254,2_before,98.65,1.965789473684211,5152.0,friends
23,254,23_254,1_after,100.0,0.0,5152.0,friends
254,23,23_254,1_after,76.85,-19.8342105263158,5152.0,friends
23,254,23_254,2_after,100.0,0.0,5152.0,friends
254,23,23_254,2_after,74.0,-22.684210526315795,5152.0,friends
23,254,23_254,3_after,100.0,0.0,5152.0,friends
254,23,23_254,3_after,72.4,-24.28421052631579,5152.0,friends
5,222,5_222,3_before,89.0,0.0,3308.0,friends
222,5,5_222,3_before,97.0,0.0,3308.0,friends
5,222,5_222,long_gap,74.0,-15.0,3308.0,friends
222,5,5_222,long_gap,97.0,0.0,3308.0,friends
5,222,5_222,1_before,75.05,-13.950000000000003,3308.0,friends
222,5,5_222,1_before,97.0,0.0,3308.0,friends
5,222,5_222,2_before,86.3,-2.700000000000003,3308.0,friends
222,5,5_222,2_before,97.0,0.0,3308.0,friends
5,222,5_222,1_after,74.0,-15.0,3308.0,friends
222,5,5_222,1_after,97.0,0.0,3308.0,friends
5,222,5_222,2_after,74.0,-15.0,3308.0,friends
222,5,5_222,2_after,97.0,0.0,3308.0,friends
5,222,5_222,3_after,74.0,-15.0,3308.0,friends
222,5,5_222,3_after,97.0,0.0,3308.0,friends
5,222,5_222,3_before,85.0,0.0,5027.0,friends
222,5,5_222,3_before,100.0,0.0,5027.0,friends
5,222,5_222,long_gap,67.42,-17.58,5027.0,friends
222,5,5_222,long_gap,100.0,0.0,5027.0,friends
5,222,5_222,1_before,74.2,-10.799999999999997,5027.0,friends
222,5,5_222,1_before,100.0,0.0,5027.0,friends
5,222,5_222,2_before,82.5,-2.5,5027.0,friends
222,5,5_222,2_before,100.0,0.0,5027.0,friends
5,222,5_222,1_after,66.0,-19.0,5027.0,friends
222,5,5_222,1_after,100.0,0.0,5027.0,friends
5,222,5_222,2_after,66.0,-19.0,5027.0,friends
222,5,5_222,2_after,100.0,0.0,5027.0,friends
5,222,5_222,3_after,66.0,-19.0,5027.0,friends
222,5,5_222,3_after,100.0,0.0,5027.0,friends
5,222,5_222,3_before,92.15,0.0,3268.0,friends
222,5,5_222,3_before,90.0,0.0,3268.0,friends
5,222,5_222,long_gap,94.0,1.8499999999999943,3268.0,friends
222,5,5_222,long_gap,90.0,0.0,3268.0,friends
5,222,5_222,1_before,94.0,1.8499999999999943,3268.0,friends
222,5,5_222,1_before,90.0,0.0,3268.0,friends
5,222,5_222,2_before,94.0,1.8499999999999943,3268.0,friends
222,5,5_222,2_before,90.0,0.0,3268.0,friends
5,222,5_222,1_after,94.0,1.8499999999999943,3268.0,friends
222,5,5_222,1_after,90.0,0.0,3268.0,friends
5,222,5_222,2_after,94.0,1.8499999999999943,3268.0,friends
222,5,5_222,2_after,90.0,0.0,3268.0,friends
5,222,5_222,3_after,94.0,1.8499999999999943,3268.0,friends
222,5,5_222,3_after,90.0,0.0,3268.0,friends
66,247,66_247,3_before,51.0,0.0,3735.0,friends
247,66,66_247,3_before,80.0,0.0,3735.0,friends
66,247,66_247,long_gap,61.0,10.0,3735.0,friends
247,66,66_247,long_gap,80.0,0.0,3735.0,friends
66,247,66_247,1_before,61.0,10.0,3735.0,friends
247,66,66_247,1_before,80.0,0.0,3735.0,friends
66,247,66_247,2_before,59.35,8.350000000000001,3735.0,friends
247,66,66_247,2_before,80.0,0.0,3735.0,friends
66,247,66_247,1_after,61.0,10.0,3735.0,friends
247,66,66_247,1_after,80.0,0.0,3735.0,friends
66,247,66_247,2_after,61.0,10.0,3735.0,friends
247,66,66_247,2_after,80.0,0.0,3735.0,friends
66,247,66_247,3_after,61.0,10.0,3735.0,friends
247,66,66_247,3_after,80.0,0.0,3735.0,friends
66,247,66_247,3_before,100.0,0.0,4145.0,friends
247,66,66_247,3_before,64.6,0.0,4145.0,friends
66,247,66_247,long_gap,99.8780487804878,-0.1219512195121979,4145.0,friends
247,66,66_247,long_gap,65.07317073170732,0.47317073170732726,4145.0,friends
66,247,66_247,1_before,100.0,0.0,4145.0,friends
247,66,66_247,1_before,57.3,-7.299999999999997,4145.0,friends
66,247,66_247,2_before,100.0,0.0,4145.0,friends
247,66,66_247,2_before,59.45,-5.1499999999999915,4145.0,friends
66,247,66_247,1_after,99.0,-1.0,4145.0,friends
247,66,66_247,1_after,76.3,11.700000000000003,4145.0,friends
66,247,66_247,2_after,99.0,-1.0,4145.0,friends
247,66,66_247,2_after,79.4,14.800000000000011,4145.0,friends
66,247,66_247,3_after,99.0,-1.0,4145.0,friends
247,66,66_247,3_after,82.0,17.400000000000006,4145.0,friends
66,247,66_247,3_before,88.95,0.0,5813.0,friends
247,66,66_247,3_before,97.4,0.0,5813.0,friends
66,247,66_247,long_gap,86.0,-2.950000000000003,5813.0,friends
247,66,66_247,long_gap,97.0,-0.4000000000000057,5813.0,friends
66,247,66_247,1_before,86.0,-2.950000000000003,5813.0,friends
247,66,66_247,1_before,97.0,-0.4000000000000057,5813.0,friends
66,247,66_247,2_before,86.0,-2.950000000000003,5813.0,friends
247,66,66_247,2_before,97.0,-0.4000000000000057,5813.0,friends
66,247,66_247,1_after,86.0,-2.950000000000003,5813.0,friends
247,66,66_247,1_after,97.0,-0.4000000000000057,5813.0,friends
66,247,66_247,2_after,86.0,-2.950000000000003,5813.0,friends
247,66,66_247,2_after,97.0,-0.4000000000000057,5813.0,friends
66,247,66_247,3_after,86.0,-2.950000000000003,5813.0,friends
247,66,66_247,3_after,97.0,-0.4000000000000057,5813.0,friends
11,248,11_248,3_before,67.0,0.0,3771.0,friends
248,11,11_248,3_before,25.0,0.0,3771.0,friends
11,248,11_248,long_gap,64.0,-3.0,3771.0,friends
248,11,11_248,long_gap,23.842105263157894,-1.1578947368421062,3771.0,friends
11,248,11_248,1_before,62.95,-4.049999999999997,3771.0,friends
248,11,11_248,1_before,25.0,0.0,3771.0,friends
11,248,11_248,2_before,66.55,-0.45000000000000284,3771.0,friends
248,11,11_248,2_before,25.0,0.0,3771.0,friends
11,248,11_248,1_after,64.0,-3.0,3771.0,friends
248,11,11_248,1_after,17.7,-7.300000000000001,3771.0,friends
11,248,11_248,2_after,64.0,-3.0,3771.0,friends
248,11,11_248,2_after,46.65,21.65,3771.0,friends
11,248,11_248,3_after,64.0,-3.0,3771.0,friends
248,11,11_248,3_after,55.0,30.0,3771.0,friends
110,221,110_221,3_before,12.55,0.0,3914.0,friends
221,110,110_221,3_before,52.0,0.0,3914.0,friends
110,221,110_221,long_gap,20.0,7.449999999999999,3914.0,friends
221,110,110_221,long_gap,61.94871794871795,9.948717948717949,3914.0,friends
110,221,110_221,1_before,20.0,7.449999999999999,3914.0,friends
221,110,110_221,1_before,52.0,0.0,3914.0,friends
110,221,110_221,2_before,15.65,3.0999999999999996,3914.0,friends
221,110,110_221,2_before,52.0,0.0,3914.0,friends
110,221,110_221,1_after,20.0,7.449999999999999,3914.0,friends
221,110,110_221,1_after,85.0,33.0,3914.0,friends
110,221,110_221,2_after,20.0,7.449999999999999,3914.0,friends
221,110,110_221,2_after,85.0,33.0,3914.0,friends
110,221,110_221,3_after,20.0,7.449999999999999,3914.0,friends
221,110,110_221,3_after,85.0,33.0,3914.0,friends
110,221,110_221,3_before,20.0,0.0,3747.0,friends
221,110,110_221,3_before,80.3,0.0,3747.0,friends
110,221,110_221,long_gap,20.0,0.0,3747.0,friends
221,110,110_221,long_gap,67.0,-13.299999999999997,3747.0,friends
110,221,110_221,1_before,20.0,0.0,3747.0,friends
221,110,110_221,1_before,49.4,-30.9,3747.0,friends
110,221,110_221,2_before,20.0,0.0,3747.0,friends
221,110,110_221,2_before,50.3,-30.0,3747.0,friends
110,221,110_221,1_after,20.0,0.0,3747.0,friends
221,110,110_221,1_after,97.05,16.75,3747.0,friends
110,221,110_221,2_after,20.0,0.0,3747.0,friends
221,110,110_221,2_after,99.0,18.700000000000003,3747.0,friends
110,221,110_221,3_after,20.0,0.0,3747.0,friends
221,110,110_221,3_after,99.0,18.700000000000003,3747.0,friends
110,221,110_221,3_before,20.0,0.0,4725.0,friends
221,110,110_221,3_before,99.0,0.0,4725.0,friends
110,221,110_221,long_gap,26.0,6.0,4725.0,friends
221,110,110_221,long_gap,99.0,0.0,4725.0,friends
110,221,110_221,1_before,25.85,5.850000000000001,4725.0,friends
221,110,110_221,1_before,99.0,0.0,4725.0,friends
110,221,110_221,2_before,20.0,0.0,4725.0,friends
221,110,110_221,2_before,99.0,0.0,4725.0,friends
110,221,110_221,1_after,26.0,6.0,4725.0,friends
221,110,110_221,1_after,99.0,0.0,4725.0,friends
110,221,110_221,2_after,26.0,6.0,4725.0,friends
221,110,110_221,2_after,99.0,0.0,4725.0,friends
110,221,110_221,3_after,26.0,6.0,4725.0,friends
221,110,110_221,3_after,99.0,0.0,4725.0,friends
110,221,110_221,3_before,20.0,0.0,5463.0,friends
221,110,110_221,3_before,99.0,0.0,5463.0,friends
110,221,110_221,long_gap,20.0,0.0,5463.0,friends
221,110,110_221,long_gap,99.05555555555556,0.055555555555557135,5463.0,friends
110,221,110_221,1_before,20.0,0.0,5463.0,friends
221,110,110_221,1_before,99.0,0.0,5463.0,friends
110,221,110_221,2_before,20.0,0.0,5463.0,friends
221,110,110_221,2_before,99.0,0.0,5463.0,friends
110,221,110_221,1_after,20.0,0.0,5463.0,friends
221,110,110_221,1_after,100.0,1.0,5463.0,friends
110,221,110_221,2_after,17.3,-2.6999999999999993,5463.0,friends
221,110,110_221,2_after,100.0,1.0,5463.0,friends
110,221,110_221,3_after,17.0,-3.0,5463.0,friends
221,110,110_221,3_after,100.0,1.0,5463.0,friends
23,257,23_257,3_before,46.0,0.0,3637.0,friends
257,23,23_257,3_before,44.0,0.0,3637.0,friends
23,257,23_257,long_gap,62.0,16.0,3637.0,friends
257,23,23_257,long_gap,44.0,0.0,3637.0,friends
23,257,23_257,1_before,62.0,16.0,3637.0,friends
257,23,23_257,1_before,44.0,0.0,3637.0,friends
23,257,23_257,2_before,49.8,3.799999999999997,3637.0,friends
257,23,23_257,2_before,44.0,0.0,3637.0,friends
23,257,23_257,1_after,62.0,16.0,3637.0,friends
257,23,23_257,1_after,44.0,0.0,3637.0,friends
23,257,23_257,2_after,62.0,16.0,3637.0,friends
257,23,23_257,2_after,44.0,0.0,3637.0,friends
23,257,23_257,3_after,62.0,16.0,3637.0,friends
257,23,23_257,3_after,44.0,0.0,3637.0,friends
23,257,23_257,3_before,84.0,0.0,3513.0,friends
257,23,23_257,3_before,59.0,0.0,3513.0,friends
23,257,23_257,long_gap,84.0,0.0,3513.0,friends
257,23,23_257,long_gap,59.77142857142857,0.7714285714285722,3513.0,friends
23,257,23_257,1_before,84.0,0.0,3513.0,friends
257,23,23_257,1_before,59.0,0.0,3513.0,friends
23,257,23_257,2_before,84.0,0.0,3513.0,friends
257,23,23_257,2_before,59.0,0.0,3513.0,friends
23,257,23_257,1_after,84.0,0.0,3513.0,friends
257,23,23_257,1_after,66.5,7.5,3513.0,friends
23,257,23_257,2_after,84.0,0.0,3513.0,friends
257,23,23_257,2_after,67.0,8.0,3513.0,friends
23,257,23_257,3_after,84.0,0.0,3513.0,friends
257,23,23_257,3_after,67.0,8.0,3513.0,friends
23,257,23_257,3_before,84.0,0.0,3002.0,friends
257,23,23_257,3_before,63.0,0.0,3002.0,friends
23,257,23_257,long_gap,84.0,0.0,3002.0,friends
257,23,23_257,long_gap,63.0,0.0,3002.0,friends
23,257,23_257,1_before,84.0,0.0,3002.0,friends
257,23,23_257,1_before,63.0,0.0,3002.0,friends
23,257,23_257,2_before,84.0,0.0,3002.0,friends
257,23,23_257,2_before,63.0,0.0,3002.0,friends
23,257,23_257,1_after,84.0,0.0,3002.0,friends
257,23,23_257,1_after,62.55,-0.45000000000000284,3002.0,friends
23,257,23_257,2_after,84.0,0.0,3002.0,friends
257,23,23_257,2_after,58.6,-4.399999999999999,3002.0,friends
23,257,23_257,3_after,84.0,0.0,3002.0,friends
257,23,23_257,3_after,59.0,-4.0,3002.0,friends
23,257,23_257,3_before,84.0,0.0,3137.0,friends
257,23,23_257,3_before,63.0,0.0,3137.0,friends
23,257,23_257,long_gap,84.0,0.0,3137.0,friends
257,23,23_257,long_gap,63.0,0.0,3137.0,friends
23,257,23_257,1_before,84.0,0.0,3137.0,friends
257,23,23_257,1_before,63.0,0.0,3137.0,friends
23,257,23_257,2_before,84.0,0.0,3137.0,friends
257,23,23_257,2_before,63.0,0.0,3137.0,friends
23,257,23_257,1_after,84.0,0.0,3137.0,friends
257,23,23_257,1_after,63.0,0.0,3137.0,friends
23,257,23_257,2_after,84.0,0.0,3137.0,friends
257,23,23_257,2_after,63.0,0.0,3137.0,friends
23,257,23_257,3_after,84.0,0.0,3137.0,friends
257,23,23_257,3_after,63.0,0.0,3137.0,friends
23,257,23_257,3_before,84.0,0.0,4126.0,friends
257,23,23_257,3_before,63.0,0.0,4126.0,friends
23,257,23_257,long_gap,84.0,0.0,4126.0,friends
257,23,23_257,long_gap,63.0,0.0,4126.0,friends
23,257,23_257,1_before,84.0,0.0,4126.0,friends
257,23,23_257,1_before,63.0,0.0,4126.0,friends
23,257,23_257,2_before,84.0,0.0,4126.0,friends
257,23,23_257,2_before,63.0,0.0,4126.0,friends
23,257,23_257,1_after,84.0,0.0,4126.0,friends
257,23,23_257,1_after,58.7,-4.299999999999997,4126.0,friends
23,257,23_257,2_after,84.0,0.0,4126.0,friends
257,23,23_257,2_after,55.0,-8.0,4126.0,friends
23,257,23_257,3_after,84.0,0.0,4126.0,friends
257,23,23_257,3_after,55.0,-8.0,4126.0,friends
23,257,23_257,3_before,100.0,0.0,3126.0,friends
257,23,23_257,3_before,69.1,0.0,3126.0,friends
23,257,23_257,long_gap,100.0,0.0,3126.0,friends
257,23,23_257,long_gap,72.0,2.9000000000000057,3126.0,friends
23,257,23_257,1_before,100.0,0.0,3126.0,friends
257,23,23_257,1_before,71.85,2.75,3126.0,friends
23,257,23_257,2_before,100.0,0.0,3126.0,friends
257,23,23_257,2_before,71.7,2.6000000000000085,3126.0,friends
23,257,23_257,1_after,100.0,0.0,3126.0,friends
257,23,23_257,1_after,72.0,2.9000000000000057,3126.0,friends
23,257,23_257,2_after,100.0,0.0,3126.0,friends
257,23,23_257,2_after,72.2,3.1000000000000085,3126.0,friends
23,257,23_257,3_after,100.0,0.0,3126.0,friends
257,23,23_257,3_after,76.0,6.900000000000006,3126.0,friends
66,250,66_250,3_before,60.0,0.0,3632.0,friends
250,66,66_250,3_before,71.0,0.0,3632.0,friends
66,250,66_250,long_gap,65.75,5.75,3632.0,friends
250,66,66_250,long_gap,71.0,0.0,3632.0,friends
66,250,66_250,1_before,60.0,0.0,3632.0,friends
250,66,66_250,1_before,71.0,0.0,3632.0,friends
66,250,66_250,2_before,60.0,0.0,3632.0,friends
250,66,66_250,2_before,71.0,0.0,3632.0,friends
66,250,66_250,1_after,99.65,39.650000000000006,3632.0,friends
250,66,66_250,1_after,71.0,0.0,3632.0,friends
66,250,66_250,2_after,100.0,40.0,3632.0,friends
250,66,66_250,2_after,71.0,0.0,3632.0,friends
66,250,66_250,3_after,100.0,40.0,3632.0,friends
250,66,66_250,3_after,71.0,0.0,3632.0,friends
107,259,107_259,3_before,83.0,0.0,3875.0,friends
259,107,107_259,3_before,68.0,0.0,3875.0,friends
107,259,107_259,long_gap,83.84210526315789,0.8421052631578902,3875.0,friends
259,107,107_259,long_gap,68.0,0.0,3875.0,friends
107,259,107_259,1_before,83.0,0.0,3875.0,friends
259,107,107_259,1_before,68.0,0.0,3875.0,friends
107,259,107_259,2_before,83.0,0.0,3875.0,friends
259,107,107_259,2_before,68.0,0.0,3875.0,friends
107,259,107_259,1_after,84.35,1.3499999999999943,3875.0,friends
259,107,107_259,1_after,68.0,0.0,3875.0,friends
107,259,107_259,2_after,83.95,0.9500000000000028,3875.0,friends
259,107,107_259,2_after,68.0,0.0,3875.0,friends
107,259,107_259,3_after,79.45,-3.549999999999997,3875.0,friends
259,107,107_259,3_after,68.0,0.0,3875.0,friends
107,259,107_259,3_before,89.85,0.0,3048.0,friends
259,107,107_259,3_before,68.0,0.0,3048.0,friends
107,259,107_259,long_gap,89.76666666666667,-0.0833333333333286,3048.0,friends
259,107,107_259,long_gap,68.0,0.0,3048.0,friends
107,259,107_259,1_before,90.0,0.15000000000000568,3048.0,friends
259,107,107_259,1_before,68.0,0.0,3048.0,friends
107,259,107_259,2_before,90.0,0.15000000000000568,3048.0,friends
259,107,107_259,2_before,68.0,0.0,3048.0,friends
107,259,107_259,1_after,89.0,-0.8499999999999943,3048.0,friends
259,107,107_259,1_after,68.0,0.0,3048.0,friends
107,259,107_259,2_after,88.6,-1.25,3048.0,friends
259,107,107_259,2_after,68.0,0.0,3048.0,friends
107,259,107_259,3_after,89.15,-0.6999999999999886,3048.0,friends
259,107,107_259,3_after,68.0,0.0,3048.0,friends
107,259,107_259,3_before,93.0,0.0,4447.0,friends
259,107,107_259,3_before,83.0,0.0,4447.0,friends
107,259,107_259,long_gap,94.84444444444445,1.8444444444444485,4447.0,friends
259,107,107_259,long_gap,83.0,0.0,4447.0,friends
107,259,107_259,1_before,91.95,-1.0499999999999972,4447.0,friends
259,107,107_259,1_before,83.0,0.0,4447.0,friends
107,259,107_259,2_before,93.0,0.0,4447.0,friends
259,107,107_259,2_before,83.0,0.0,4447.0,friends
107,259,107_259,1_after,96.0,3.0,4447.0,friends
259,107,107_259,1_after,83.0,0.0,4447.0,friends
107,259,107_259,2_after,96.9,3.9000000000000057,4447.0,friends
259,107,107_259,2_after,83.0,0.0,4447.0,friends
107,259,107_259,3_after,97.65,4.650000000000006,4447.0,friends
259,107,107_259,3_after,86.05,3.049999999999997,4447.0,friends
107,259,107_259,3_before,99.2,0.0,3643.0,friends
259,107,107_259,3_before,88.0,0.0,3643.0,friends
107,259,107_259,long_gap,100.0,0.7999999999999972,3643.0,friends
259,107,107_259,long_gap,88.0,0.0,3643.0,friends
107,259,107_259,1_before,100.0,0.7999999999999972,3643.0,friends
259,107,107_259,1_before,88.0,0.0,3643.0,friends
107,259,107_259,2_before,98.45,-0.75,3643.0,friends
259,107,107_259,2_before,88.0,0.0,3643.0,friends
107,259,107_259,1_after,100.0,0.7999999999999972,3643.0,friends
259,107,107_259,1_after,88.0,0.0,3643.0,friends
107,259,107_259,2_after,100.0,0.7999999999999972,3643.0,friends
259,107,107_259,2_after,88.0,0.0,3643.0,friends
107,259,107_259,3_after,100.0,0.7999999999999972,3643.0,friends
259,107,107_259,3_after,88.0,0.0,3643.0,friends
